msg_id,price,mode,burst,fault,produce_time,consume_time,latency_ms,throughput_msg_per_sec,p95_latency_ms,p99_latency_ms
0,100.01,fault_injection,False,False,1776030866.4789822,1776030866.645267,166.285,1000.0,,
1,99.99,fault_injection,False,False,1776030866.4992163,1776030866.645387,146.171,2000.0,,
2,99.99,fault_injection,False,False,1776030866.5193322,1776030866.6454194,126.087,3000.0,,
3,100.02,fault_injection,False,False,1776030866.5394406,1776030866.6611245,121.684,252.25,,
6,100.01,fault_injection,False,False,1776030866.599769,1776030866.6611848,61.416,314.11,,
4,100.0,fault_injection,True,False,1776030866.5595474,1776030866.686415,126.868,145.82,,
5,100.0,fault_injection,False,False,1776030866.5796566,1776030866.6864893,106.833,169.81,,
10,100.01,fault_injection,False,False,1776030866.6802783,1776030866.6999621,19.684,146.27,,
11,99.97,fault_injection,False,False,1776030866.7003999,1776030866.7265801,26.18,110.68,,
12,99.96,fault_injection,False,False,1776030866.7205312,1776030866.7390802,18.549,106.59,,
7,100.0,fault_injection,False,False,1776030866.6198857,1776030866.7412786,121.393,114.57,,
9,100.02,fault_injection,False,False,1776030866.660138,1776030866.7413445,81.207,124.9,,
8,100.01,fault_injection,False,False,1776030866.6400094,1776030866.7529967,112.987,120.67,,
13,99.97,fault_injection,True,True,1776030866.740652,1776030866.961279,220.627,44.3,,
14,99.96,fault_injection,False,False,1776030866.9610765,1776030866.9793255,18.249,44.9,,
16,98.87,fault_injection,True,False,1776030867.2016122,1776030867.2207632,19.151,27.8,,
17,98.88,fault_injection,False,False,1776030867.2217758,1776030867.241159,19.383,28.53,,
19,98.92,fault_injection,False,False,1776030867.2625353,1776030867.2811058,18.57,28.31,,
15,99.03,fault_injection,False,True,1776030866.9811857,1776030867.296002,314.816,29.2,,
18,98.9,fault_injection,False,False,1776030867.2420843,1776030867.296081,53.997,30.73,225.336,
20,98.94,fault_injection,False,False,1776030867.2827032,1776030867.302908,20.205,31.93,220.627,
21,98.93,fault_injection,False,False,1776030867.3029082,1776030867.3219528,19.045,32.51,217.91,
22,98.91,fault_injection,False,False,1776030867.3230357,1776030867.3419116,18.876,33.02,215.193,
23,98.89,fault_injection,False,False,1776030867.3431761,1776030867.363186,20.01,33.43,212.476,
24,98.84,fault_injection,False,False,1776030867.363337,1776030867.383021,19.684,33.89,209.758,
25,98.87,fault_injection,False,False,1776030867.3834782,1776030867.4030113,19.533,34.31,207.041,
26,98.86,fault_injection,False,False,1776030867.4036229,1776030867.4231782,19.555,34.71,204.324,
27,99.07,fault_injection,True,False,1776030867.423755,1776030867.4423997,18.645,35.13,201.607,
28,99.08,fault_injection,False,False,1776030867.4438782,1776030867.464212,20.334,35.41,198.89,
29,99.09,fault_injection,False,False,1776030867.463991,1776030867.4830945,19.104,35.81,196.173,
30,99.06,fault_injection,False,False,1776030867.4841218,1776030867.5027335,18.612,36.15,193.456,
31,99.07,fault_injection,False,False,1776030867.504245,1776030867.5214117,17.167,36.52,190.739,
32,99.07,fault_injection,False,False,1776030867.524388,1776030867.5435858,19.198,36.74,188.022,
33,99.1,fault_injection,False,False,1776030867.5445402,1776030867.5645866,20.046,36.98,185.305,
34,99.09,fault_injection,False,False,1776030867.5646687,1776030867.5814831,16.814,37.38,182.587,
35,99.09,fault_injection,False,False,1776030867.584803,1776030867.6039581,19.155,37.55,179.87,
36,99.09,fault_injection,False,False,1776030867.6048927,1776030867.6241696,19.277,37.8,177.153,
37,99.11,fault_injection,False,False,1776030867.6250174,1776030867.6442132,19.196,38.04,174.436,
38,99.27,fault_injection,True,False,1776030867.6451612,1776030867.6641717,19.011,38.28,171.719,
39,99.27,fault_injection,False,False,1776030867.665284,1776030867.6875272,22.243,38.38,169.002,
40,99.19,fault_injection,True,False,1776030867.685406,1776030867.7037356,18.33,38.74,166.285,
41,99.19,fault_injection,False,False,1776030867.7055192,1776030867.7235389,18.02,38.95,165.279,
42,100.18,fault_injection,False,False,1776030867.725637,1776030867.744473,18.836,39.12,164.273,
43,100.19,fault_injection,False,False,1776030867.7457554,1776030867.7643356,18.58,39.32,163.268,
44,100.2,fault_injection,False,False,1776030867.766114,1776030867.7873218,21.208,39.4,162.262,
45,100.21,fault_injection,False,False,1776030867.786245,1776030867.8070939,20.849,39.59,161.256,
46,100.2,fault_injection,False,False,1776030867.806371,1776030867.8244267,18.056,39.86,160.251,
47,100.24,fault_injection,False,False,1776030867.826498,1776030867.8451376,18.64,40.0,159.245,
48,100.22,fault_injection,False,False,1776030867.8466275,1776030867.867099,20.472,40.1,158.239,
49,100.25,fault_injection,False,False,1776030867.8667665,1776030867.886284,19.518,40.29,157.233,
50,100.28,fault_injection,False,False,1776030867.886894,1776030867.905993,19.099,40.45,156.228,
51,100.26,fault_injection,False,False,1776030867.9070182,1776030867.9258444,18.826,40.61,155.222,
52,100.42,fault_injection,True,False,1776030867.9271555,1776030867.947956,20.801,40.69,154.216,
53,100.38,fault_injection,False,True,1776030867.947281,1776030868.168346,221.065,35.45,185.305,
54,100.4,fault_injection,False,False,1776030868.1679342,1776030868.1872241,19.29,35.67,182.587,
55,100.39,fault_injection,False,False,1776030868.188233,1776030868.2079597,19.727,35.84,179.87,
56,100.38,fault_injection,False,False,1776030868.2084546,1776030868.228611,20.156,36.0,177.153,
57,100.4,fault_injection,False,False,1776030868.2286763,1776030868.2471664,18.49,36.21,174.436,
58,100.4,fault_injection,False,False,1776030868.2488506,1776030868.2671108,18.26,36.38,171.719,
59,100.39,fault_injection,False,False,1776030868.2690637,1776030868.2881985,19.135,36.52,169.002,
60,100.39,fault_injection,False,False,1776030868.2893984,1776030868.3078334,18.435,36.69,166.285,
61,100.42,fault_injection,True,False,1776030868.3097537,1776030868.3286521,18.898,36.83,165.279,
62,100.42,fault_injection,False,False,1776030868.3299348,1776030868.3493068,19.372,36.97,164.273,
63,100.42,fault_injection,False,False,1776030868.3500867,1776030868.3717957,21.709,37.07,163.268,
64,100.44,fault_injection,True,False,1776030868.3704424,1776030868.389263,18.821,37.27,162.262,
65,100.42,fault_injection,False,False,1776030868.390595,1776030868.4092395,18.645,37.42,161.256,
66,100.44,fault_injection,False,False,1776030868.4107416,1776030868.4287732,18.032,37.57,160.251,
67,100.15,fault_injection,True,False,1776030868.4308686,1776030868.449553,18.684,37.69,159.245,
68,100.22,fault_injection,False,False,1776030868.4509747,1776030868.470347,19.372,37.81,158.239,
69,100.21,fault_injection,False,False,1776030868.4710753,1776030868.4912817,20.206,37.92,157.233,
70,100.22,fault_injection,False,False,1776030868.4911826,1776030868.5099444,18.762,38.08,156.228,
71,100.2,fault_injection,False,False,1776030868.5112906,1776030868.5305393,19.249,38.19,155.222,
72,100.19,fault_injection,False,False,1776030868.5314033,1776030868.5496082,18.205,38.33,154.216,
73,100.21,fault_injection,False,False,1776030868.5515068,1776030868.5705254,19.019,38.44,153.211,
74,100.2,fault_injection,False,False,1776030868.571614,1776030868.5922916,20.678,38.52,152.205,
75,100.22,fault_injection,False,False,1776030868.5917208,1776030868.6106062,18.885,38.67,151.199,
76,99.52,fault_injection,False,False,1776030868.6118503,1776030868.6321177,20.267,38.75,150.193,
77,99.53,fault_injection,False,False,1776030868.6319814,1776030868.6522026,20.221,38.87,149.188,
78,99.57,fault_injection,False,False,1776030868.6521165,1776030868.6707175,18.601,39.0,148.182,
79,99.57,fault_injection,False,False,1776030868.672239,1776030868.6905158,18.277,39.12,147.176,
80,99.59,fault_injection,False,False,1776030868.6923528,1776030868.709953,17.6,39.23,146.171,
81,99.67,fault_injection,True,True,1776030868.7124617,1776030868.9317553,219.294,35.86,165.279,
82,99.66,fault_injection,False,False,1776030868.9328625,1776030868.9521396,19.277,35.98,164.273,
83,99.63,fault_injection,False,False,1776030868.9530091,1776030868.9713714,18.362,36.11,163.268,
84,99.6,fault_injection,False,False,1776030868.9731207,1776030868.9914181,18.297,36.23,162.262,
85,99.59,fault_injection,False,False,1776030868.9932275,1776030869.0116324,18.405,36.34,161.256,
86,99.6,fault_injection,False,False,1776030869.0133278,1776030869.03129,17.962,36.46,160.251,
87,99.58,fault_injection,False,False,1776030869.033427,1776030869.0526607,19.234,36.55,159.245,
88,100.55,fault_injection,False,False,1776030869.0535407,1776030869.0728984,19.358,36.66,158.239,
89,100.53,fault_injection,False,False,1776030869.0736578,1776030869.0925286,18.871,36.78,157.233,
90,100.5,fault_injection,False,False,1776030869.0937984,1776030869.1131935,19.395,36.87,156.228,
91,100.48,fault_injection,False,False,1776030869.1138878,1776030869.1331205,19.233,36.98,155.222,
92,100.49,fault_injection,False,False,1776030869.1340106,1776030869.1526165,18.606,37.09,154.216,
93,100.49,fault_injection,False,False,1776030869.1541266,1776030869.1730175,18.891,37.19,153.211,
94,100.49,fault_injection,False,False,1776030869.1742318,1776030869.1943223,20.091,37.27,152.205,
95,100.46,fault_injection,False,False,1776030869.1943893,1776030869.2130618,18.672,37.39,151.199,
96,100.47,fault_injection,False,False,1776030869.214573,1776030869.2340567,19.484,37.47,150.193,
97,100.5,fault_injection,False,False,1776030869.2347398,1776030869.2532947,18.555,37.58,149.188,
98,100.49,fault_injection,False,False,1776030869.2553835,1776030869.2742069,18.823,37.66,148.182,
99,100.47,fault_injection,False,False,1776030869.2755408,1776030869.2939556,18.415,37.75,147.176,222.003
100,100.5,fault_injection,False,False,1776030869.2957025,1776030869.3146577,18.955,37.84,146.171,221.065
101,100.48,fault_injection,False,False,1776030869.3158746,1776030869.3348372,18.963,37.92,145.205,221.061
102,100.49,fault_injection,False,False,1776030869.3360066,1776030869.3541677,18.161,38.02,144.24,221.056
103,100.47,fault_injection,False,False,1776030869.3561292,1776030869.374632,18.503,38.1,143.275,221.052
104,100.5,fault_injection,False,False,1776030869.3762677,1776030869.3949153,18.648,38.19,142.31,221.048
105,100.44,fault_injection,False,False,1776030869.3964083,1776030869.415718,19.31,38.26,141.345,221.043
106,100.45,fault_injection,False,False,1776030869.4165514,1776030869.4352252,18.674,38.35,140.38,221.039
107,100.41,fault_injection,False,False,1776030869.4366798,1776030869.4551208,18.441,38.44,139.415,221.034
108,100.6,fault_injection,True,False,1776030869.4567907,1776030869.4756246,18.834,38.51,138.449,221.03
109,100.61,fault_injection,False,False,1776030869.4768715,1776030869.4972873,20.416,38.57,137.484,221.026
110,100.41,fault_injection,True,False,1776030869.4969895,1776030869.514518,17.529,38.69,136.519,221.021
111,100.44,fault_injection,False,True,1776030869.517099,1776030869.7382305,221.132,36.21,155.222,221.124
112,100.42,fault_injection,False,False,1776030869.7374856,1776030869.7571442,19.659,36.31,154.216,221.124
113,100.42,fault_injection,False,False,1776030869.7575867,1776030869.775604,18.017,36.42,153.211,221.123
114,100.43,fault_injection,False,False,1776030869.7776968,1776030869.796605,18.908,36.49,152.205,221.122
115,100.4,fault_injection,False,False,1776030869.7978015,1776030869.8154964,17.695,36.59,151.199,221.122
116,100.45,fault_injection,False,False,1776030869.8179083,1776030869.8358717,17.963,36.67,150.193,221.121
117,100.45,fault_injection,False,False,1776030869.8380156,1776030869.8563917,18.376,36.75,149.188,221.12
118,100.46,fault_injection,False,False,1776030869.8581274,1776030869.8767,18.573,36.83,148.182,221.12
119,100.46,fault_injection,False,False,1776030869.8782322,1776030869.8956766,17.444,36.92,147.176,221.119
120,100.46,fault_injection,False,False,1776030869.89834,1776030869.9168627,18.523,36.99,146.171,221.118
121,100.44,fault_injection,False,False,1776030869.9184453,1776030869.9369543,18.509,37.06,145.205,221.118
122,100.46,fault_injection,False,False,1776030869.9385521,1776030869.9564908,17.939,37.15,144.24,221.117
123,100.44,fault_injection,False,False,1776030869.9586525,1776030869.9757822,17.13,37.23,143.275,221.116
124,100.46,fault_injection,False,False,1776030869.978758,1776030869.9974494,18.691,37.29,142.31,221.116
125,100.48,fault_injection,False,False,1776030869.9988701,1776030870.0171015,18.231,37.37,141.345,221.115
126,100.48,fault_injection,False,False,1776030870.018983,1776030870.036705,17.722,37.45,140.38,221.114
127,100.48,fault_injection,False,False,1776030870.039085,1776030870.0581212,19.036,37.51,139.415,221.114
128,100.46,fault_injection,False,False,1776030870.059197,1776030870.0774834,18.286,37.59,138.449,221.113
129,100.46,fault_injection,False,True,1776030870.0793047,1776030870.2981946,218.89,35.59,157.233,221.112
130,100.46,fault_injection,False,False,1776030870.2999153,1776030870.32031,20.395,35.65,156.228,221.112
131,100.47,fault_injection,False,False,1776030870.3201177,1776030870.337952,17.834,35.75,155.222,221.111
132,100.46,fault_injection,False,True,1776030870.340637,1776030870.561336,220.699,33.96,187.327,221.11
133,100.44,fault_injection,False,False,1776030870.561035,1776030870.580151,19.116,34.05,184.697,221.11
134,100.46,fault_injection,False,False,1776030870.5811543,1776030870.60219,21.036,34.12,182.066,221.109
135,100.43,fault_injection,False,False,1776030870.6012666,1776030870.6212626,19.996,34.21,179.436,221.108
136,100.45,fault_injection,False,False,1776030870.6213925,1776030870.6392412,17.849,34.3,176.806,221.108
137,100.45,fault_injection,False,False,1776030870.641502,1776030870.6586785,17.177,34.38,174.176,221.107
138,100.45,fault_injection,False,False,1776030870.6616118,1776030870.6811855,19.574,34.44,171.545,221.106
139,100.44,fault_injection,False,False,1776030870.681722,1776030870.6986206,16.899,34.54,168.915,221.106
140,100.43,fault_injection,False,False,1776030870.7018297,1776030870.7195623,17.733,34.61,166.285,221.105
141,100.43,fault_injection,False,False,1776030870.721947,1776030870.7411244,19.177,34.67,165.279,221.104
142,100.44,fault_injection,False,False,1776030870.7420557,1776030870.7606134,18.558,34.75,164.273,221.104
143,100.44,fault_injection,False,False,1776030870.76216,1776030870.7821484,19.988,34.81,163.268,221.103
144,100.47,fault_injection,False,False,1776030870.7822645,1776030870.8001552,17.891,34.9,162.262,221.102
145,100.49,fault_injection,False,False,1776030870.8023696,1776030870.8203473,17.978,34.97,161.256,221.102
146,100.44,fault_injection,True,False,1776030870.8224878,1776030870.8420117,19.524,35.03,160.251,221.101
147,100.45,fault_injection,False,False,1776030870.84259,1776030870.8622413,19.651,35.1,159.245,221.1
148,100.46,fault_injection,False,False,1776030870.862697,1776030870.8833625,20.666,35.16,158.239,221.1
149,100.48,fault_injection,False,False,1776030870.8827977,1776030870.9013312,18.533,35.24,157.233,221.099
150,100.18,fault_injection,True,False,1776030870.9028807,1776030870.9214284,18.548,35.31,156.228,221.098
151,100.18,fault_injection,False,False,1776030870.9229798,1776030870.9411907,18.211,35.38,155.222,221.098
152,100.17,fault_injection,False,False,1776030870.9430823,1776030870.970242,27.16,35.38,154.216,221.097
153,100.17,fault_injection,False,False,1776030870.9631786,1776030870.9814193,18.241,35.52,153.211,221.096
154,100.18,fault_injection,False,True,1776030870.9832761,1776030871.203267,219.991,34.01,182.066,221.096
155,100.19,fault_injection,False,False,1776030871.2037115,1776030871.2233918,19.68,34.08,179.436,221.095
156,100.16,fault_injection,False,False,1776030871.2239397,1776030871.243329,19.389,34.14,176.806,221.094
157,100.14,fault_injection,False,False,1776030871.2444136,1776030871.2665682,22.155,34.19,174.176,221.094
158,100.18,fault_injection,False,False,1776030871.2646103,1776030871.2848911,20.281,34.27,171.545,221.093
159,99.25,fault_injection,False,False,1776030871.2848055,1776030871.3068073,22.002,34.32,168.915,221.092
160,99.26,fault_injection,False,False,1776030871.3052545,1776030871.3252773,20.023,34.4,166.285,221.092
161,99.25,fault_injection,False,False,1776030871.3254604,1776030871.3432045,17.744,34.48,165.279,221.091
162,99.26,fault_injection,False,False,1776030871.3456454,1776030871.3651443,19.499,34.53,164.273,221.09
163,99.69,fault_injection,False,False,1776030871.3658133,1776030871.384059,18.246,34.61,163.268,221.09
164,99.7,fault_injection,False,False,1776030871.3859837,1776030871.4041562,18.173,34.67,162.262,221.089
165,99.6,fault_injection,True,True,1776030871.4061313,1776030871.6250188,218.888,33.33,205.737,221.088
166,99.46,fault_injection,True,False,1776030871.626546,1776030871.6462038,19.658,33.39,203.107,221.088
167,99.44,fault_injection,False,False,1776030871.646662,1776030871.6658652,19.203,33.46,200.477,221.087
168,99.49,fault_injection,False,False,1776030871.666806,1776030871.6861103,19.304,33.53,197.846,221.086
169,99.62,fault_injection,True,False,1776030871.6869292,1776030871.7073143,20.385,33.58,195.216,221.086
170,99.6,fault_injection,False,False,1776030871.7070549,1776030871.7256322,18.577,33.66,192.586,221.085
171,99.58,fault_injection,False,False,1776030871.727556,1776030871.744966,17.41,33.73,189.956,221.084
172,99.56,fault_injection,False,False,1776030871.7476842,1776030871.7656195,17.935,33.79,187.326,221.084
173,99.57,fault_injection,False,False,1776030871.7677872,1776030871.7870383,19.251,33.84,184.696,221.083
174,99.56,fault_injection,False,False,1776030871.7879205,1776030871.8070157,19.095,33.9,182.066,221.082
175,99.56,fault_injection,False,False,1776030871.8080418,1776030871.8266556,18.614,33.97,179.435,221.082
176,99.52,fault_injection,False,False,1776030871.8281503,1776030871.8474605,19.31,34.02,176.805,221.081
177,99.42,fault_injection,True,False,1776030871.8482835,1776030871.868032,19.748,34.08,174.175,221.08
178,99.45,fault_injection,False,False,1776030871.8684218,1776030871.886465,18.043,34.15,171.545,221.08
179,99.47,fault_injection,False,True,1776030871.8885264,1776030872.108085,219.558,32.95,218.888,221.079
180,99.48,fault_injection,False,False,1776030872.1088872,1776030872.1292107,20.324,33.01,218.888,221.078
181,99.49,fault_injection,False,False,1776030872.1289957,1776030872.15196,22.964,33.05,216.257,221.078
182,99.54,fault_injection,False,False,1776030872.1491134,1776030872.1677063,18.593,33.14,213.627,221.077
183,99.56,fault_injection,False,True,1776030872.1692514,1776030872.3885977,219.346,32.04,218.89,221.076
184,99.52,fault_injection,False,False,1776030872.390006,1776030872.4077373,17.731,32.1,218.889,221.076
185,100.04,fault_injection,False,False,1776030872.4101593,1776030872.4285636,18.404,32.16,218.889,221.075
186,100.04,fault_injection,False,False,1776030872.4302855,1776030872.4525707,22.285,32.2,218.889,221.074
187,99.99,fault_injection,False,False,1776030872.4503915,1776030872.4693778,18.986,32.28,218.889,221.074
188,100.01,fault_injection,False,True,1776030872.470499,1776030872.6901774,219.678,31.27,219.132,221.073
189,100.02,fault_injection,False,True,1776030872.6908977,1776030872.9110363,220.139,30.32,219.323,221.072
190,99.99,fault_injection,False,False,1776030872.9113004,1776030872.9296741,18.374,30.39,219.32,221.072
191,99.98,fault_injection,False,False,1776030872.931448,1776030872.9496725,18.224,30.45,219.317,221.071
192,99.97,fault_injection,False,False,1776030872.9515622,1776030872.9701703,18.608,30.51,219.315,221.07
193,100.01,fault_injection,False,True,1776030872.9716828,1776030873.1956947,224.012,29.62,219.421,221.333
194,99.02,fault_injection,True,False,1776030873.1923885,1776030873.2112324,18.844,29.7,219.41,221.304
195,99.02,fault_injection,False,False,1776030873.212738,1776030873.2387652,26.027,29.73,219.399,221.276
196,99.0,fault_injection,False,True,1776030873.2333648,1776030873.4525373,219.172,28.94,219.389,221.247
197,98.98,fault_injection,False,False,1776030873.4537597,1776030873.4717286,17.969,29.0,219.378,221.218
198,98.98,fault_injection,True,False,1776030873.4738832,1776030873.4924748,18.592,29.06,219.368,221.189
199,98.96,fault_injection,False,False,1776030873.4939919,1776030873.513002,19.01,29.12,219.357,221.16
200,98.97,fault_injection,False,False,1776030873.514115,1776030873.5318215,17.706,29.19,219.346,221.132
201,98.96,fault_injection,False,False,1776030873.5342772,1776030873.5542634,19.986,29.24,219.344,221.131
202,98.97,fault_injection,False,True,1776030873.5544243,1776030873.7731566,218.732,28.48,219.341,221.13
203,99.01,fault_injection,False,False,1776030873.7748413,1776030873.7959487,21.107,28.53,219.338,221.13
204,99.0,fault_injection,False,False,1776030873.7949872,1776030873.8133817,18.394,28.6,219.336,221.129
205,99.25,fault_injection,False,False,1776030873.8150914,1776030873.8331575,18.066,28.66,219.333,221.128
206,99.26,fault_injection,False,False,1776030873.8351903,1776030873.8534193,18.229,28.72,219.33,221.128
207,99.29,fault_injection,False,False,1776030873.855287,1776030873.873985,18.698,28.77,219.328,221.127
208,99.33,fault_injection,False,False,1776030873.8753955,1776030873.8935294,18.134,28.83,219.325,221.126
209,99.28,fault_injection,False,False,1776030873.8955014,1776030873.913405,17.904,28.89,219.323,221.126
210,99.29,fault_injection,False,False,1776030873.9156098,1776030873.934076,18.466,28.95,219.32,221.125
211,99.29,fault_injection,False,False,1776030873.935717,1776030873.952433,16.716,29.01,219.317,221.124
212,99.3,fault_injection,False,False,1776030873.9558234,1776030873.9746783,18.855,29.06,219.315,221.124
213,99.3,fault_injection,False,False,1776030873.975945,1776030873.9937465,17.802,29.12,219.312,221.123
214,99.26,fault_injection,False,False,1776030873.996074,1776030874.0142958,18.222,29.18,219.309,221.122
215,99.21,fault_injection,False,False,1776030874.0161784,1776030874.0367353,20.557,29.22,219.307,221.122
216,99.2,fault_injection,False,False,1776030874.036278,1776030874.0539253,17.647,29.29,219.304,221.121
217,99.18,fault_injection,False,False,1776030874.0563755,1776030874.0752459,18.87,29.34,219.301,221.12
218,99.45,fault_injection,True,False,1776030874.0764844,1776030874.094426,17.941,29.4,219.299,221.12
219,99.47,fault_injection,False,False,1776030874.0965889,1776030874.1165764,19.988,29.45,219.296,221.119
220,99.48,fault_injection,False,True,1776030874.1167076,1776030874.3373628,220.655,28.73,219.346,221.118
221,99.5,fault_injection,False,False,1776030874.337455,1776030874.3621547,24.7,28.77,219.344,221.118
222,99.51,fault_injection,False,False,1776030874.357677,1776030874.37741,19.733,28.84,219.341,221.117
223,99.5,fault_injection,False,False,1776030874.377827,1776030874.3972378,19.411,28.9,219.338,221.116
224,99.47,fault_injection,False,False,1776030874.3979914,1776030874.416184,18.193,28.95,219.336,221.116
225,99.45,fault_injection,False,False,1776030874.4181325,1776030874.4374325,19.3,29.0,219.333,221.115
226,99.47,fault_injection,False,False,1776030874.4382787,1776030874.4573298,19.051,29.06,219.33,221.114
227,99.45,fault_injection,False,False,1776030874.4583857,1776030874.475669,17.283,29.12,219.328,221.114
228,99.43,fault_injection,False,True,1776030874.4784932,1776030874.6980512,219.558,28.44,219.473,221.113
229,99.41,fault_injection,False,False,1776030874.6988935,1776030874.7176754,18.782,28.49,219.463,221.112
230,99.42,fault_injection,False,False,1776030874.7190418,1776030874.7370868,18.045,28.55,219.452,221.112
231,99.42,fault_injection,False,False,1776030874.7391596,1776030874.7569928,17.833,28.6,219.442,221.111
232,99.42,fault_injection,False,False,1776030874.7592719,1776030874.7779334,18.661,28.65,219.431,221.11
233,99.44,fault_injection,False,False,1776030874.7793772,1776030874.797331,17.954,28.7,219.42,221.11
234,99.44,fault_injection,False,False,1776030874.7994804,1776030874.8179724,18.492,28.75,219.41,221.109
235,99.47,fault_injection,False,False,1776030874.819585,1776030874.8370779,17.493,28.81,219.399,221.108
236,99.46,fault_injection,False,False,1776030874.839947,1776030874.8587563,18.809,28.85,219.389,221.108
237,99.46,fault_injection,False,False,1776030874.8600464,1776030874.8784602,18.414,28.91,219.378,221.107
238,99.42,fault_injection,False,False,1776030874.8801513,1776030874.8988662,18.715,28.96,219.367,221.106
239,99.41,fault_injection,False,False,1776030874.9002557,1776030874.9177327,17.477,29.01,219.357,221.106
240,99.42,fault_injection,False,False,1776030874.9203615,1776030874.9395683,19.207,29.06,219.346,221.105
241,99.42,fault_injection,False,False,1776030874.9404812,1776030874.9581518,17.671,29.11,219.344,221.104
242,99.43,fault_injection,False,False,1776030874.9605908,1776030874.9782403,17.649,29.16,219.341,221.104
243,99.33,fault_injection,True,False,1776030874.9806995,1776030875.000486,19.786,29.2,219.338,221.103
244,99.32,fault_injection,False,False,1776030875.0008256,1776030875.0200028,19.177,29.25,219.336,221.102
245,99.32,fault_injection,False,False,1776030875.0209782,1776030875.0395527,18.574,29.31,219.333,221.102
246,99.34,fault_injection,False,False,1776030875.0411055,1776030875.0615015,20.396,29.35,219.33,221.101
247,99.37,fault_injection,False,False,1776030875.0612297,1776030875.0815687,20.339,29.4,219.328,221.1
248,99.43,fault_injection,False,False,1776030875.0813935,1776030875.0992198,17.826,29.45,219.325,221.1
249,99.46,fault_injection,False,False,1776030875.1015027,1776030875.1194184,17.916,29.5,219.323,221.099
250,99.46,fault_injection,False,False,1776030875.1218774,1776030875.1406114,18.734,29.55,219.32,221.098
251,99.35,fault_injection,True,False,1776030875.142007,1776030875.1604178,18.411,29.59,219.317,221.098
252,99.31,fault_injection,False,False,1776030875.1623607,1776030875.1805325,18.172,29.64,219.315,221.097
253,99.33,fault_injection,False,False,1776030875.1825287,1776030875.2011957,18.667,29.69,219.312,221.096
254,99.29,fault_injection,False,False,1776030875.2028859,1776030875.2230139,20.128,29.73,219.309,221.096
255,99.29,fault_injection,False,False,1776030875.2230852,1776030875.2416098,18.525,29.78,219.307,221.095
256,99.29,fault_injection,False,False,1776030875.2432592,1776030875.2624764,19.217,29.82,219.304,221.094
257,99.25,fault_injection,False,False,1776030875.2634125,1776030875.2821126,18.7,29.87,219.301,221.094
258,99.24,fault_injection,False,False,1776030875.2835846,1776030875.3086543,25.07,29.9,219.299,221.093
259,99.27,fault_injection,False,False,1776030875.3040667,1776030875.320847,16.78,29.97,219.296,221.092
260,99.49,fault_injection,True,False,1776030875.324227,1776030875.3426726,18.445,30.01,219.294,221.092
261,99.51,fault_injection,False,False,1776030875.3443723,1776030875.3661323,21.76,30.04,219.288,221.091
262,99.48,fault_injection,False,False,1776030875.3647087,1776030875.3841665,19.458,30.1,219.281,221.09
263,99.72,fault_injection,False,False,1776030875.384877,1776030875.4053013,20.424,30.14,219.275,221.09
264,99.71,fault_injection,False,False,1776030875.4050114,1776030875.4231012,18.09,30.19,219.269,221.089
265,99.69,fault_injection,False,False,1776030875.4251208,1776030875.4411557,16.035,30.24,219.263,221.088
266,99.69,fault_injection,False,True,1776030875.4452384,1776030875.6647854,219.547,29.6,219.33,221.088
267,99.69,fault_injection,False,False,1776030875.6656082,1776030875.6852124,19.604,29.65,219.328,221.087
268,99.7,fault_injection,False,False,1776030875.6857297,1776030875.7040148,18.285,29.7,219.325,221.086
269,99.71,fault_injection,False,False,1776030875.705861,1776030875.728087,22.226,29.73,219.323,221.086
270,99.74,fault_injection,False,False,1776030875.7259853,1776030875.744308,18.323,29.78,219.32,221.085
271,99.75,fault_injection,False,False,1776030875.7460856,1776030875.7651389,19.053,29.82,219.317,221.084
272,99.84,fault_injection,True,False,1776030875.7661946,1776030875.7890637,22.869,29.86,219.315,221.084
273,99.79,fault_injection,True,False,1776030875.786304,1776030875.8040986,17.795,29.92,219.312,221.083
274,99.79,fault_injection,False,True,1776030875.8064137,1776030876.0248365,218.423,29.32,219.309,221.082
275,99.8,fault_injection,False,False,1776030876.0268316,1776030876.0475476,20.716,29.35,219.307,221.082
276,99.76,fault_injection,False,False,1776030876.0470119,1776030876.0675015,20.49,29.4,219.304,221.081
277,99.75,fault_injection,False,False,1776030876.067169,1776030876.086021,18.852,29.45,219.301,221.08
278,99.8,fault_injection,False,False,1776030876.0873003,1776030876.1072552,19.955,29.49,219.299,221.08
279,99.81,fault_injection,False,False,1776030876.1074271,1776030876.1259685,18.541,29.53,219.296,221.079
280,99.82,fault_injection,False,False,1776030876.127556,1776030876.1474981,19.942,29.57,219.294,221.078
281,99.81,fault_injection,False,False,1776030876.1476736,1776030876.1671052,19.432,29.62,219.288,221.078
282,99.82,fault_injection,False,False,1776030876.1681123,1776030876.1874628,19.351,29.66,219.281,221.077
283,99.82,fault_injection,False,False,1776030876.1882937,1776030876.2067592,18.466,29.7,219.275,221.076
284,99.84,fault_injection,False,False,1776030876.2084556,1776030876.2272213,18.766,29.74,219.269,221.076
285,99.83,fault_injection,False,False,1776030876.2286286,1776030876.2475414,18.913,29.78,219.263,221.075
286,99.88,fault_injection,True,False,1776030876.2488194,1776030876.2672663,18.447,29.83,219.257,221.074
287,99.64,fault_injection,False,False,1776030876.269019,1776030876.2898948,20.876,29.86,219.251,221.074
288,99.64,fault_injection,False,False,1776030876.2894158,1776030876.3080604,18.645,29.91,219.245,221.073
289,99.63,fault_injection,False,False,1776030876.3096313,1776030876.32964,20.009,29.95,219.239,221.072
290,99.62,fault_injection,False,False,1776030876.3298507,1776030876.3512864,21.436,29.98,219.233,221.072
291,99.58,fault_injection,False,False,1776030876.3500395,1776030876.3703,20.261,30.03,219.227,221.071
292,99.56,fault_injection,False,False,1776030876.3702285,1776030876.392165,21.936,30.06,219.221,221.07
293,100.31,fault_injection,True,False,1776030876.39044,1776030876.4106493,20.209,30.11,219.215,221.07
294,100.44,fault_injection,True,False,1776030876.4106348,1776030876.4306374,20.003,30.15,219.209,221.069
295,100.44,fault_injection,False,False,1776030876.4307888,1776030876.4485147,17.726,30.19,219.203,221.068
296,100.46,fault_injection,False,False,1776030876.4509192,1776030876.4685173,17.598,30.23,219.197,221.068
297,100.47,fault_injection,False,False,1776030876.4710283,1776030876.4901977,19.169,30.27,219.191,221.067
298,100.48,fault_injection,False,False,1776030876.4911463,1776030876.5095525,18.406,30.31,219.185,221.066
299,100.51,fault_injection,False,False,1776030876.5112703,1776030876.5300684,18.798,30.35,219.179,221.066
300,100.51,fault_injection,False,True,1776030876.5314343,1776030876.7500856,218.651,29.79,219.172,221.065
301,100.53,fault_injection,False,False,1776030876.7518651,1776030876.7710373,19.172,29.82,219.158,221.061
302,100.54,fault_injection,False,False,1776030876.7719817,1776030876.7903957,18.414,29.87,219.144,221.058
303,100.54,fault_injection,False,False,1776030876.7920883,1776030876.8120666,19.978,29.9,219.13,221.054
304,100.77,fault_injection,True,False,1776030876.812197,1776030876.8308012,18.604,29.94,219.116,221.05
305,100.78,fault_injection,True,False,1776030876.8323033,1776030876.8526075,20.304,29.98,219.102,221.047
306,100.81,fault_injection,False,False,1776030876.852409,1776030876.87115,18.741,30.02,219.088,221.043
307,100.81,fault_injection,False,False,1776030876.8725097,1776030876.8931458,20.636,30.06,219.074,221.039
308,100.81,fault_injection,False,False,1776030876.892618,1776030876.9105527,17.935,30.1,219.059,221.036
309,100.81,fault_injection,False,False,1776030876.912727,1776030876.9306574,17.93,30.14,219.045,221.032
310,100.83,fault_injection,False,False,1776030876.9328346,1776030876.9492228,16.388,30.18,219.031,221.028
311,100.66,fault_injection,False,False,1776030876.9529648,1776030876.9707255,17.761,30.22,219.017,221.025
312,100.62,fault_injection,False,False,1776030876.9730709,1776030876.9929068,19.836,30.25,219.003,221.021
313,100.58,fault_injection,True,False,1776030876.9931757,1776030877.027617,34.441,30.24,218.989,221.017
314,100.6,fault_injection,False,False,1776030877.0132835,1776030877.0308726,17.589,30.33,218.975,221.014
315,100.6,fault_injection,False,True,1776030877.03338,1776030877.2529628,219.583,29.79,219.203,221.01
316,100.79,fault_injection,True,False,1776030877.253838,1776030877.2731805,19.342,29.83,219.197,221.006
317,100.76,fault_injection,False,False,1776030877.2740057,1776030877.292329,18.323,29.87,219.191,221.003
318,100.83,fault_injection,True,False,1776030877.2941675,1776030877.3136353,19.468,29.9,219.185,220.999
319,100.81,fault_injection,False,False,1776030877.3143241,1776030877.33246,18.136,29.94,219.179,220.996
320,100.81,fault_injection,False,False,1776030877.3344915,1776030877.3530161,18.525,29.98,219.172,220.992
321,100.79,fault_injection,False,False,1776030877.35465,1776030877.372978,18.328,30.02,219.158,220.988
322,100.76,fault_injection,False,False,1776030877.3748124,1776030877.3921518,17.339,30.06,219.144,220.985
323,100.65,fault_injection,True,False,1776030877.3949625,1776030877.4135253,18.563,30.09,219.13,220.981
324,100.62,fault_injection,False,False,1776030877.415098,1776030877.4360428,20.945,30.12,219.116,220.977
325,100.62,fault_injection,False,False,1776030877.4352007,1776030877.453088,17.887,30.16,219.102,220.974
326,100.58,fault_injection,False,False,1776030877.4553049,1776030877.4755218,20.217,30.19,219.088,220.97
327,100.62,fault_injection,False,False,1776030877.4754074,1776030877.4939942,18.587,30.23,219.074,220.966
328,100.76,fault_injection,True,False,1776030877.4955134,1776030877.51558,20.066,30.27,219.059,220.963
329,100.78,fault_injection,False,False,1776030877.5156267,1776030877.535991,20.364,30.3,219.045,220.959
330,100.75,fault_injection,False,False,1776030877.5357318,1776030877.5548112,19.079,30.34,219.031,220.955
331,100.75,fault_injection,False,False,1776030877.5558336,1776030877.5757453,19.912,30.37,219.017,220.952
332,100.91,fault_injection,True,False,1776030877.5759513,1776030877.5939689,18.018,30.41,219.003,220.948
333,100.71,fault_injection,True,False,1776030877.5960662,1776030877.6140437,17.977,30.45,218.989,220.944
334,100.69,fault_injection,False,False,1776030877.6161854,1776030877.636909,20.724,30.48,218.975,220.941
335,100.7,fault_injection,False,False,1776030877.6362972,1776030877.654981,18.684,30.52,218.961,220.937
336,100.67,fault_injection,False,False,1776030877.656411,1776030877.673954,17.543,30.56,218.946,220.933
337,100.55,fault_injection,True,False,1776030877.6765184,1776030877.694922,18.404,30.59,218.932,220.93
338,100.53,fault_injection,False,False,1776030877.6966293,1776030877.7149584,18.329,30.62,218.918,220.926
339,100.49,fault_injection,False,False,1776030877.7167344,1776030877.736025,19.291,30.66,218.904,220.922
340,100.49,fault_injection,False,False,1776030877.736847,1776030877.7550383,18.191,30.69,218.89,220.919
341,100.49,fault_injection,False,False,1776030877.7569556,1776030877.7760088,19.053,30.73,218.89,220.915
342,100.54,fault_injection,False,False,1776030877.7770624,1776030877.796338,19.276,30.76,218.89,220.911
343,100.54,fault_injection,False,False,1776030877.79717,1776030877.8156428,18.473,30.8,218.89,220.908
344,100.54,fault_injection,False,False,1776030877.817283,1776030877.8358865,18.604,30.83,218.889,220.904
345,100.53,fault_injection,False,False,1776030877.8373988,1776030877.8550267,17.628,30.87,218.889,220.9
346,100.57,fault_injection,False,True,1776030877.8575273,1776030878.078436,220.909,30.35,219.088,220.993
347,100.56,fault_injection,False,False,1776030878.077896,1776030878.0958154,17.919,30.39,219.074,220.992
348,100.6,fault_injection,False,False,1776030878.0980122,1776030878.1169965,18.984,30.42,219.059,220.99
349,100.63,fault_injection,True,True,1776030878.118139,1776030878.3387325,220.593,29.93,219.239,220.988
350,100.63,fault_injection,False,False,1776030878.338638,1776030878.359005,20.367,29.96,219.233,220.987
351,100.33,fault_injection,True,False,1776030878.358888,1776030878.3785596,19.672,30.0,219.227,220.985
352,100.33,fault_injection,False,True,1776030878.3791273,1776030878.5974755,218.348,29.53,219.221,220.984
353,100.36,fault_injection,False,False,1776030878.5995471,1776030878.6200755,20.528,29.56,219.215,220.982
354,100.34,fault_injection,False,False,1776030878.6197102,1776030878.6396403,19.93,29.6,219.209,220.981
355,100.37,fault_injection,False,False,1776030878.6398406,1776030878.6574867,17.646,29.64,219.203,220.979
356,100.38,fault_injection,False,False,1776030878.6599789,1776030878.6775334,17.555,29.67,219.197,220.977
357,100.41,fault_injection,False,False,1776030878.680106,1776030878.698186,18.08,29.7,219.191,220.976
358,100.01,fault_injection,False,False,1776030878.7002387,1776030878.7205977,20.359,29.73,219.185,220.974
359,100.01,fault_injection,False,False,1776030878.7203438,1776030878.7387815,18.438,29.77,219.179,220.973
360,99.98,fault_injection,False,False,1776030878.7404618,1776030878.7591588,18.697,29.8,219.172,220.971
361,99.97,fault_injection,False,False,1776030878.7605681,1776030878.7785072,17.939,29.84,219.158,220.97
362,100.08,fault_injection,True,False,1776030878.780687,1776030878.798246,17.559,29.87,219.144,220.968
363,99.37,fault_injection,False,False,1776030878.8008115,1776030878.8190632,18.252,29.9,219.13,220.967
364,99.64,fault_injection,True,False,1776030878.8209348,1776030878.8407998,19.865,29.93,219.116,220.965
365,99.65,fault_injection,False,False,1776030878.8410692,1776030878.8594396,18.37,29.97,219.102,220.963
366,99.63,fault_injection,False,False,1776030878.8612134,1776030878.8808138,19.6,29.99,219.088,220.962
367,99.66,fault_injection,False,False,1776030878.8813372,1776030878.899576,18.239,30.03,219.074,220.96
368,99.67,fault_injection,False,False,1776030878.901469,1776030878.9205627,19.094,30.06,219.059,220.959
369,99.65,fault_injection,False,False,1776030878.9215775,1776030878.9417646,20.187,30.09,219.045,220.957
370,99.66,fault_injection,False,False,1776030878.9417157,1776030878.9599392,18.224,30.13,219.031,220.956
371,99.69,fault_injection,False,False,1776030878.9618433,1776030878.9795597,17.716,30.16,219.017,220.954
372,99.73,fault_injection,False,False,1776030878.9819748,1776030878.9992905,17.316,30.19,219.003,220.952
373,99.67,fault_injection,True,False,1776030879.0020978,1776030879.0210521,18.954,30.22,218.989,220.951
374,99.72,fault_injection,False,False,1776030879.0222158,1776030879.0408828,18.667,30.25,218.975,220.949
375,99.75,fault_injection,False,False,1776030879.0423536,1776030879.0616553,19.302,30.28,218.961,220.948
376,99.76,fault_injection,False,False,1776030879.062513,1776030879.0818186,19.305,30.31,218.946,220.946
377,99.77,fault_injection,False,False,1776030879.0826693,1776030879.1016486,18.979,30.35,218.932,220.945
378,99.75,fault_injection,False,False,1776030879.1028233,1776030879.1238828,21.06,30.37,218.918,220.943
379,99.72,fault_injection,False,False,1776030879.1229637,1776030879.143965,21.001,30.4,218.904,220.941
380,99.72,fault_injection,False,False,1776030879.1431096,1776030879.1619592,18.85,30.44,218.89,220.94
381,99.75,fault_injection,False,False,1776030879.163231,1776030879.1840227,20.792,30.47,218.89,220.938
382,99.77,fault_injection,False,False,1776030879.1835759,1776030879.204118,20.542,30.5,218.89,220.937
383,99.81,fault_injection,False,False,1776030879.2038057,1776030879.2249944,21.189,30.53,218.89,220.935
384,99.79,fault_injection,False,True,1776030879.2240446,1776030879.4433103,219.266,30.08,219.116,220.934
385,99.81,fault_injection,False,False,1776030879.4444642,1776030879.4626126,18.148,30.12,219.102,220.932
386,99.67,fault_injection,True,False,1776030879.46461,1776030879.4826715,18.061,30.15,219.088,220.931
387,99.47,fault_injection,False,False,1776030879.484734,1776030879.5039756,19.242,30.17,219.074,220.929
388,99.46,fault_injection,False,False,1776030879.5048718,1776030879.5224822,17.61,30.21,219.059,220.927
389,99.48,fault_injection,False,False,1776030879.5249834,1776030879.5424302,17.447,30.24,219.045,220.926
390,99.51,fault_injection,False,False,1776030879.5451145,1776030879.5635085,18.394,30.27,219.031,220.924
391,99.49,fault_injection,False,False,1776030879.5652363,1776030879.5835178,18.281,30.3,219.017,220.923
392,99.52,fault_injection,False,False,1776030879.5853481,1776030879.604498,19.15,30.33,219.003,220.921
393,99.53,fault_injection,False,False,1776030879.6054661,1776030879.6257944,20.328,30.35,218.989,220.92
394,99.55,fault_injection,False,False,1776030879.6255937,1776030879.645532,19.938,30.38,218.975,220.918
395,99.53,fault_injection,False,False,1776030879.6457322,1776030879.6655211,19.789,30.41,218.961,220.916
396,99.33,fault_injection,True,False,1776030879.6658652,1776030879.6856768,19.812,30.44,218.946,220.915
397,99.31,fault_injection,False,False,1776030879.6860118,1776030879.704096,18.084,30.48,218.932,220.913
398,99.31,fault_injection,False,False,1776030879.7063777,1776030879.725583,19.205,30.5,218.918,220.912
399,99.32,fault_injection,False,False,1776030879.726492,1776030879.7468405,20.349,30.53,218.904,220.91
400,99.32,fault_injection,False,False,1776030879.746596,1776030879.766678,20.082,30.56,218.89,220.909
401,99.29,fault_injection,False,False,1776030879.7667646,1776030879.785303,18.538,30.59,218.89,220.907
402,99.28,fault_injection,False,False,1776030879.7869103,1776030879.807011,20.101,30.62,218.89,220.904
403,99.3,fault_injection,False,False,1776030879.8070238,1776030879.8265562,19.532,30.65,218.89,220.902
404,99.29,fault_injection,False,False,1776030879.8271646,1776030879.8469567,19.792,30.68,218.889,220.9
405,99.3,fault_injection,False,False,1776030879.8472695,1776030879.867841,20.571,30.71,218.889,220.898
406,99.3,fault_injection,False,False,1776030879.8673837,1776030879.8868067,19.423,30.74,218.889,220.896
407,99.26,fault_injection,True,False,1776030879.8875008,1776030879.905515,18.014,30.77,218.889,220.894
408,99.25,fault_injection,False,False,1776030879.907627,1776030879.926135,18.508,30.8,218.889,220.892
409,99.28,fault_injection,False,False,1776030879.9277356,1776030879.9452946,17.559,30.83,218.889,220.89
410,99.31,fault_injection,False,False,1776030879.9478474,1776030879.9650474,17.2,30.86,218.889,220.888
411,99.3,fault_injection,False,False,1776030879.9679673,1776030879.9862828,18.316,30.88,218.889,220.886
412,99.29,fault_injection,False,False,1776030879.9880755,1776030880.0069666,18.891,30.91,218.889,220.883
413,99.29,fault_injection,False,False,1776030880.0081756,1776030880.0261507,17.975,30.94,218.888,220.881
414,99.31,fault_injection,False,False,1776030880.0283027,1776030880.0481188,19.816,30.96,218.888,220.879
415,99.29,fault_injection,False,False,1776030880.048463,1776030880.0671124,18.649,30.99,218.888,220.877
416,99.33,fault_injection,False,False,1776030880.06864,1776030880.087226,18.586,31.02,218.888,220.875
417,99.34,fault_injection,False,False,1776030880.0887775,1776030880.1089838,20.206,31.05,218.888,220.873
418,99.36,fault_injection,False,True,1776030880.1089435,1776030880.3287296,219.786,30.62,218.918,220.871
419,99.37,fault_injection,False,False,1776030880.329637,1776030880.349576,19.939,30.65,218.904,220.869
420,99.37,fault_injection,False,False,1776030880.349797,1776030880.3737886,23.992,30.67,218.89,220.867
421,99.35,fault_injection,False,False,1776030880.370161,1776030880.4045498,34.389,30.67,218.89,220.865
422,99.33,fault_injection,False,False,1776030880.3903475,1776030880.4087012,18.354,30.73,218.89,220.863
423,99.31,fault_injection,False,False,1776030880.4105263,1776030880.429379,18.853,30.76,218.89,220.86
424,99.27,fault_injection,False,False,1776030880.4306731,1776030880.4494789,18.806,30.79,218.889,220.858
425,99.29,fault_injection,False,False,1776030880.4507954,1776030880.4684148,17.619,30.82,218.889,220.856
426,99.27,fault_injection,False,False,1776030880.4709077,1776030880.4887905,17.883,30.84,218.889,220.854
427,99.25,fault_injection,False,False,1776030880.4910128,1776030880.5092838,18.271,30.87,218.889,220.852
428,99.33,fault_injection,True,False,1776030880.5111434,1776030880.5281558,17.012,30.9,218.889,220.85
429,99.33,fault_injection,False,False,1776030880.5312629,1776030880.5506246,19.362,30.92,218.889,220.848
430,99.35,fault_injection,False,False,1776030880.5513752,1776030880.572262,20.887,30.95,218.889,220.846
431,99.33,fault_injection,False,True,1776030880.5714805,1776030880.7918892,220.409,30.54,219.017,220.844
432,99.33,fault_injection,False,False,1776030880.7919176,1776030880.8109102,18.993,30.57,219.003,220.842
433,99.33,fault_injection,False,False,1776030880.8120391,1776030880.8314204,19.381,30.59,218.989,220.839
434,99.36,fault_injection,False,False,1776030880.8321939,1776030880.8509228,18.729,30.62,218.975,220.837
435,99.35,fault_injection,False,False,1776030880.852323,1776030880.8718667,19.544,30.65,218.961,220.835
436,98.3,fault_injection,True,False,1776030880.8724396,1776030880.8923624,19.923,30.67,218.946,220.833
437,98.27,fault_injection,False,False,1776030880.8925593,1776030880.9105883,18.029,30.7,218.932,220.831
438,98.29,fault_injection,False,False,1776030880.912678,1776030880.9323843,19.706,30.73,218.918,220.829
439,98.26,fault_injection,False,True,1776030880.9328144,1776030881.1555307,222.716,30.32,219.177,221.004
440,98.25,fault_injection,False,False,1776030881.1531065,1776030881.1750689,21.962,30.35,219.172,221.002
441,98.26,fault_injection,False,False,1776030881.1733098,1776030881.1937337,20.424,30.38,219.158,221.001
442,98.26,fault_injection,False,False,1776030881.1935844,1776030881.2118464,18.262,30.41,219.144,220.999
443,98.21,fault_injection,False,False,1776030881.213772,1776030881.2311049,17.333,30.44,219.13,220.998
444,98.21,fault_injection,True,False,1776030881.2339346,1776030881.2540958,20.161,30.46,219.116,220.996
445,98.22,fault_injection,False,False,1776030881.2540905,1776030881.2737226,19.632,30.49,219.102,220.995
446,98.51,fault_injection,True,False,1776030881.2742686,1776030881.2927504,18.482,30.52,219.088,220.993
447,98.52,fault_injection,False,False,1776030881.2944255,1776030881.3157406,21.315,30.54,219.074,220.992
448,98.85,fault_injection,True,False,1776030881.3146217,1776030881.3386059,23.984,30.56,219.059,220.99
449,98.85,fault_injection,False,True,1776030881.335092,1776030881.5555408,220.449,30.18,219.224,220.988
450,98.85,fault_injection,False,False,1776030881.5555038,1776030881.5751655,19.662,30.21,219.219,220.987
451,98.88,fault_injection,False,False,1776030881.5756211,1776030881.594317,18.696,30.24,219.214,220.985
452,98.86,fault_injection,False,True,1776030881.595732,1776030881.8149986,219.267,29.86,219.266,220.984
453,98.85,fault_injection,False,False,1776030881.8161385,1776030881.8335743,17.436,29.89,219.266,220.982
454,99.13,fault_injection,True,False,1776030881.8362758,1776030881.8569582,20.682,29.91,219.266,220.981
455,99.12,fault_injection,False,False,1776030881.8564007,1776030881.8769217,20.521,29.94,219.266,220.979
456,99.09,fault_injection,False,False,1776030881.8765306,1776030881.894809,18.278,29.97,219.266,220.977
457,99.1,fault_injection,False,False,1776030881.896645,1776030881.9162338,19.589,29.99,219.266,220.976
458,99.08,fault_injection,False,False,1776030881.9167635,1776030881.93555,18.786,30.02,219.266,220.974
459,99.06,fault_injection,False,False,1776030881.936875,1776030881.9541817,17.307,30.05,219.266,220.973
460,99.06,fault_injection,False,False,1776030881.9569886,1776030881.9752953,18.307,30.07,219.266,220.971
461,99.09,fault_injection,False,False,1776030881.9770944,1776030881.9957898,18.695,30.1,219.261,220.97
462,100.06,fault_injection,False,False,1776030881.9972222,1776030882.0150986,17.876,30.12,219.256,220.968
463,100.07,fault_injection,False,True,1776030882.0173435,1776030882.2365584,219.215,29.76,219.258,220.967
464,100.05,fault_injection,False,False,1776030882.237761,1776030882.2560694,18.308,29.79,219.256,220.965
465,100.09,fault_injection,False,False,1776030882.2580934,1776030882.2787454,20.652,29.81,219.253,220.963
466,100.13,fault_injection,False,True,1776030882.278339,1776030882.4992535,220.915,29.46,219.266,220.966
467,100.13,fault_injection,False,False,1776030882.4987266,1776030882.5198827,21.156,29.48,219.266,220.964
468,100.16,fault_injection,False,False,1776030882.5189028,1776030882.5386121,19.709,29.51,219.266,220.963
469,100.36,fault_injection,True,False,1776030882.539065,1776030882.5568748,17.81,29.54,219.266,220.961
470,100.34,fault_injection,False,False,1776030882.5592196,1776030882.5782251,19.006,29.56,219.266,220.96
471,100.32,fault_injection,False,False,1776030882.579369,1776030882.5987725,19.403,29.59,219.266,220.958
472,100.3,fault_injection,False,False,1776030882.5995228,1776030882.6181755,18.653,29.61,219.266,220.957
473,100.29,fault_injection,False,False,1776030882.619645,1776030882.638665,19.02,29.64,219.266,220.955
474,100.29,fault_injection,False,False,1776030882.6397736,1776030882.6579022,18.129,29.66,219.266,220.954
475,100.28,fault_injection,False,False,1776030882.6598992,1776030882.6782062,18.307,29.69,219.266,220.952
476,100.3,fault_injection,False,False,1776030882.680029,1776030882.6981087,18.08,29.71,219.266,220.951
477,100.3,fault_injection,False,False,1776030882.7001429,1776030882.718623,18.48,29.74,219.266,220.949
478,100.29,fault_injection,False,True,1776030882.72025,1776030882.9391532,218.903,29.4,219.266,220.948
479,100.33,fault_injection,True,False,1776030882.9412386,1776030882.9708743,29.636,29.4,219.266,220.946
480,100.34,fault_injection,False,False,1776030882.9613683,1776030882.9829662,21.598,29.44,219.266,220.945
481,100.33,fault_injection,False,False,1776030882.9814928,1776030883.0019226,20.43,29.47,219.263,220.943
482,100.34,fault_injection,False,False,1776030883.0016205,1776030883.020428,18.807,29.5,219.261,220.942
483,100.34,fault_injection,False,False,1776030883.0217514,1776030883.0392716,17.52,29.52,219.258,220.94
484,100.31,fault_injection,False,False,1776030883.041881,1776030883.0595932,17.712,29.55,219.256,220.939
485,100.31,fault_injection,False,False,1776030883.0620043,1776030883.079938,17.934,29.57,219.253,220.937
486,100.34,fault_injection,False,False,1776030883.0821333,1776030883.1002338,18.101,29.6,219.25,220.936
487,100.37,fault_injection,False,False,1776030883.1022635,1776030883.1203609,18.097,29.62,219.248,220.934
488,100.56,fault_injection,False,False,1776030883.1224031,1776030883.1408622,18.459,29.64,219.245,220.933
489,100.56,fault_injection,False,False,1776030883.1425316,1776030883.1601539,17.622,29.67,219.243,220.931
490,100.55,fault_injection,False,False,1776030883.162655,1776030883.1819413,19.286,29.69,219.24,220.93
491,100.52,fault_injection,False,False,1776030883.182821,1776030883.2022345,19.413,29.72,219.238,220.928
492,100.5,fault_injection,False,False,1776030883.2030814,1776030883.2236578,20.576,29.74,219.235,220.927
493,100.52,fault_injection,False,False,1776030883.223271,1776030883.242456,19.185,29.76,219.233,220.925
494,100.54,fault_injection,False,False,1776030883.2436223,1776030883.2630024,19.38,29.79,219.23,220.924
495,100.54,fault_injection,False,False,1776030883.2638116,1776030883.285642,21.83,29.81,219.228,220.922
496,100.54,fault_injection,False,False,1776030883.2842667,1776030883.3030405,18.774,29.84,219.225,220.921
497,101.34,fault_injection,True,False,1776030883.304486,1776030883.323903,19.417,29.86,219.223,220.919
498,101.32,fault_injection,False,False,1776030883.324663,1776030883.3431385,18.476,29.88,219.22,220.918
499,101.31,fault_injection,False,False,1776030883.3450317,1776030883.3637595,18.728,29.91,219.217,220.916
500,101.31,fault_injection,False,False,1776030883.3652093,1776030883.3849072,19.698,29.93,219.215,220.915
501,101.32,fault_injection,False,False,1776030883.3853877,1776030883.4035497,18.162,29.96,219.213,220.915
502,101.29,fault_injection,False,False,1776030883.40557,1776030883.4240158,18.446,29.98,219.211,220.914
503,101.08,fault_injection,True,False,1776030883.4257138,1776030883.443951,18.237,30.0,219.209,220.914
504,101.11,fault_injection,False,False,1776030883.445821,1776030883.4637566,17.936,30.03,219.206,220.914
505,101.12,fault_injection,False,False,1776030883.4659376,1776030883.4832382,17.301,30.05,219.204,220.914
506,101.12,fault_injection,False,False,1776030883.4860444,1776030883.5040975,18.053,30.07,219.202,220.914
507,101.1,fault_injection,False,False,1776030883.506161,1776030883.5234675,17.307,30.1,219.2,220.914
508,101.09,fault_injection,False,False,1776030883.5262656,1776030883.544315,18.049,30.12,219.198,220.914
509,101.08,fault_injection,False,False,1776030883.5463634,1776030883.563555,17.192,30.14,219.196,220.914
510,101.05,fault_injection,False,False,1776030883.566461,1776030883.5877507,21.29,30.16,219.194,220.914
511,101.04,fault_injection,False,False,1776030883.5865607,1776030883.6043599,17.799,30.19,219.192,220.914
512,101.06,fault_injection,False,False,1776030883.6066637,1776030883.6249492,18.286,30.21,219.189,220.914
513,101.08,fault_injection,False,False,1776030883.6267946,1776030883.6449428,18.148,30.24,219.187,220.914
514,101.11,fault_injection,False,False,1776030883.6468792,1776030883.665393,18.514,30.26,219.185,220.914
515,101.11,fault_injection,False,False,1776030883.6669931,1776030883.686825,19.832,30.28,219.183,220.914
516,101.11,fault_injection,False,False,1776030883.6871035,1776030883.7061508,19.047,30.3,219.181,220.914
517,101.13,fault_injection,False,False,1776030883.7072291,1776030883.726257,19.028,30.33,219.179,220.914
518,101.12,fault_injection,False,False,1776030883.7273393,1776030883.744697,17.358,30.35,219.177,220.914
519,101.27,fault_injection,True,False,1776030883.7474406,1776030883.7658036,18.363,30.37,219.175,220.913
520,101.28,fault_injection,False,False,1776030883.7675416,1776030883.7868297,19.288,30.39,219.172,220.913
521,101.26,fault_injection,False,False,1776030883.7876363,1776030883.805471,17.835,30.42,219.159,220.913
522,101.24,fault_injection,False,False,1776030883.8077526,1776030883.826909,19.156,30.44,219.146,220.913
523,101.24,fault_injection,False,False,1776030883.8278787,1776030883.8479064,20.028,30.46,219.132,220.913
524,101.25,fault_injection,False,False,1776030883.847991,1776030883.865755,17.764,30.49,219.119,220.913
525,100.45,fault_injection,False,False,1776030883.8681011,1776030883.8860426,17.941,30.51,219.105,220.913
526,100.45,fault_injection,False,False,1776030883.8882082,1776030883.9059038,17.696,30.53,219.092,220.913
527,100.51,fault_injection,False,False,1776030883.9083073,1776030883.9268408,18.533,30.55,219.078,220.913
528,100.51,fault_injection,False,False,1776030883.9284077,1776030883.946794,18.386,30.58,219.065,220.913
529,100.51,fault_injection,False,False,1776030883.9485066,1776030883.9706087,22.102,30.59,219.051,220.913
530,100.55,fault_injection,False,False,1776030883.9686074,1776030883.9867067,18.099,30.62,219.038,220.913
531,100.55,fault_injection,False,False,1776030883.9887047,1776030884.0079525,19.248,30.64,219.024,220.913
532,100.53,fault_injection,False,False,1776030884.0088065,1776030884.0263727,17.566,30.67,219.011,220.913
533,100.56,fault_injection,False,True,1776030884.0288723,1776030884.2481709,219.299,30.34,219.187,220.913
534,100.54,fault_injection,False,False,1776030884.2496612,1776030884.2680054,18.344,30.36,219.185,220.913
535,101.48,fault_injection,True,False,1776030884.2700987,1776030884.2897837,19.685,30.38,219.183,220.913
536,101.48,fault_injection,False,False,1776030884.2902787,1776030884.3085213,18.243,30.4,219.181,220.912
537,101.49,fault_injection,False,False,1776030884.3104177,1776030884.330479,20.061,30.42,219.179,220.912
538,101.48,fault_injection,False,False,1776030884.330585,1776030884.3499424,19.357,30.44,219.177,220.912
539,101.44,fault_injection,False,False,1776030884.3507483,1776030884.3705528,19.804,30.46,219.175,220.912
540,101.39,fault_injection,False,False,1776030884.37091,1776030884.3884995,17.59,30.49,219.172,220.912
541,101.38,fault_injection,False,False,1776030884.3910785,1776030884.4089017,17.823,30.51,219.159,220.912
542,101.39,fault_injection,False,False,1776030884.411229,1776030884.429739,18.51,30.53,219.146,220.912
543,101.41,fault_injection,False,False,1776030884.4313347,1776030884.4518974,20.563,30.55,219.132,220.912
544,101.42,fault_injection,False,False,1776030884.451448,1776030884.4717846,20.337,30.57,219.119,220.912
545,101.43,fault_injection,False,False,1776030884.4715526,1776030884.491418,19.865,30.59,219.105,220.912
546,101.47,fault_injection,False,False,1776030884.4916635,1776030884.510728,19.064,30.62,219.092,220.912
547,101.44,fault_injection,False,False,1776030884.5117695,1776030884.5309324,19.163,30.64,219.078,220.912
548,101.45,fault_injection,False,False,1776030884.531873,1776030884.5509217,19.049,30.66,219.065,220.912
549,101.48,fault_injection,False,False,1776030884.5519896,1776030884.5703163,18.327,30.68,219.051,220.912
550,101.47,fault_injection,False,False,1776030884.5721252,1776030884.5921586,20.033,30.7,219.038,220.912
551,101.48,fault_injection,False,False,1776030884.592236,1776030884.6103706,18.135,30.73,219.024,220.912
552,101.46,fault_injection,False,False,1776030884.6123703,1776030884.6327505,20.38,30.74,219.011,220.912
553,101.46,fault_injection,False,True,1776030884.6324985,1776030884.8511097,218.611,30.43,218.998,220.911
554,101.44,fault_injection,False,False,1776030884.852881,1776030884.873216,20.335,30.45,218.984,220.911
555,101.45,fault_injection,False,False,1776030884.8729866,1776030884.8919978,19.011,30.47,218.971,220.911
556,101.47,fault_injection,False,False,1776030884.8931012,1776030884.91041,17.309,30.5,218.957,220.911
557,101.44,fault_injection,False,False,1776030884.9132118,1776030884.9308276,17.616,30.52,218.944,220.911
558,101.46,fault_injection,False,False,1776030884.9333217,1776030884.9512737,17.952,30.54,218.93,220.911
559,101.47,fault_injection,False,False,1776030884.9534256,1776030884.9725182,19.093,30.56,218.917,220.911
560,101.52,fault_injection,False,False,1776030884.9735286,1776030884.9938948,20.366,30.57,218.903,220.911
561,101.56,fault_injection,False,False,1776030884.9936268,1776030885.012397,18.77,30.6,218.903,220.911
562,101.54,fault_injection,False,False,1776030885.0137398,1776030885.033889,20.149,30.62,218.902,220.911
563,101.53,fault_injection,True,False,1776030885.03387,1776030885.0514915,17.622,30.64,218.901,220.911
564,101.75,fault_injection,True,False,1776030885.0540028,1776030885.0723283,18.326,30.66,218.901,220.911
565,101.77,fault_injection,False,False,1776030885.0741196,1776030885.0945132,20.394,30.68,218.9,220.911
566,101.81,fault_injection,False,False,1776030885.094235,1776030885.1112869,17.052,30.71,218.899,220.911
567,101.77,fault_injection,False,False,1776030885.1143584,1776030885.1331258,18.767,30.72,218.899,220.911
568,101.82,fault_injection,False,False,1776030885.134475,1776030885.1551623,20.687,30.74,218.898,220.911
569,102.45,fault_injection,False,False,1776030885.1546004,1776030885.1733356,18.735,30.76,218.897,220.91
570,102.44,fault_injection,False,False,1776030885.1747153,1776030885.19308,18.365,30.79,218.897,220.91
571,102.41,fault_injection,False,False,1776030885.194821,1776030885.2136316,18.811,30.81,218.896,220.91
572,102.41,fault_injection,False,False,1776030885.214957,1776030885.2337294,18.772,30.83,218.895,220.91
573,102.4,fault_injection,False,False,1776030885.2350736,1776030885.2531476,18.074,30.85,218.895,220.91
574,102.42,fault_injection,False,False,1776030885.2553947,1776030885.2748628,19.468,30.86,218.894,220.91
575,102.42,fault_injection,False,False,1776030885.2755713,1776030885.2937415,18.17,30.89,218.893,220.91
576,102.46,fault_injection,True,False,1776030885.2957294,1776030885.3138685,18.139,30.91,218.893,220.91
577,102.49,fault_injection,False,False,1776030885.3160493,1776030885.3364546,20.405,30.92,218.892,220.91
578,102.5,fault_injection,False,False,1776030885.3362873,1776030885.3568485,20.561,30.94,218.891,220.91
579,102.49,fault_injection,False,False,1776030885.3566637,1776030885.3755906,18.927,30.97,218.891,220.91
580,102.49,fault_injection,False,False,1776030885.3770359,1776030885.39636,19.324,30.98,218.89,220.91
581,102.24,fault_injection,True,False,1776030885.3972445,1776030885.4143426,17.098,31.01,218.89,220.91
582,102.25,fault_injection,False,False,1776030885.4174263,1776030885.4362683,18.842,31.03,218.89,220.91
583,102.71,fault_injection,False,False,1776030885.4375565,1776030885.4558353,18.279,31.05,218.89,220.91
584,102.69,fault_injection,False,False,1776030885.4576771,1776030885.4761746,18.497,31.07,218.889,220.91
585,102.68,fault_injection,False,False,1776030885.477792,1776030885.4960194,18.227,31.09,218.889,220.91
586,102.02,fault_injection,False,False,1776030885.4978993,1776030885.516015,18.116,31.11,218.889,220.909
587,101.99,fault_injection,False,False,1776030885.518022,1776030885.5351963,17.174,31.13,218.889,220.909
588,101.99,fault_injection,False,False,1776030885.5381694,1776030885.556118,17.949,31.15,218.889,220.909
589,102.0,fault_injection,False,True,1776030885.5583143,1776030885.7772403,218.926,30.84,218.897,220.909
590,102.0,fault_injection,False,False,1776030885.7787197,1776030885.7962627,17.543,30.86,218.897,220.909
591,101.99,fault_injection,False,False,1776030885.7988307,1776030885.8160243,17.194,30.88,218.896,220.909
592,102.0,fault_injection,False,False,1776030885.818962,1776030885.8380032,19.041,30.9,218.895,220.909
593,102.01,fault_injection,False,False,1776030885.8390808,1776030885.8611913,22.11,30.91,218.895,220.909
594,101.99,fault_injection,False,False,1776030885.8592043,1776030885.8775237,18.319,30.94,218.894,220.909
595,101.98,fault_injection,False,False,1776030885.8793175,1776030885.897057,17.74,30.96,218.893,220.909
596,101.97,fault_injection,False,False,1776030885.8994315,1776030885.9162998,16.868,30.98,218.893,220.909
597,101.96,fault_injection,False,False,1776030885.9195552,1776030885.9403217,20.766,30.99,218.892,220.909
598,101.97,fault_injection,False,False,1776030885.9396799,1776030885.9599934,20.314,31.01,218.891,220.909
599,101.97,fault_injection,False,False,1776030885.9598007,1776030885.9787395,18.939,31.03,218.891,220.909
600,102.0,fault_injection,False,False,1776030885.9798894,1776030885.997976,18.087,31.06,218.89,220.909
601,101.99,fault_injection,False,False,1776030886.000025,1776030886.017437,17.412,31.08,218.89,220.907
602,101.96,fault_injection,False,False,1776030886.0201738,1776030886.0382493,18.075,31.09,218.89,220.904
603,101.94,fault_injection,False,False,1776030886.0403028,1776030886.060391,20.088,31.11,218.89,220.902
604,101.94,fault_injection,False,False,1776030886.0604177,1776030886.0881405,27.723,31.12,218.889,220.9
605,101.95,fault_injection,False,False,1776030886.0809314,1776030886.100622,19.691,31.15,218.889,220.898
606,101.94,fault_injection,False,False,1776030886.1010642,1776030886.121478,20.414,31.17,218.889,220.896
607,101.97,fault_injection,False,False,1776030886.1211953,1776030886.1562471,35.052,31.16,218.889,220.894
608,101.97,fault_injection,False,False,1776030886.141332,1776030886.162234,20.902,31.2,218.889,220.892
609,101.96,fault_injection,False,False,1776030886.16196,1776030886.1811728,19.213,31.22,218.889,220.89
610,101.93,fault_injection,False,False,1776030886.1822007,1776030886.201042,18.841,31.24,218.889,220.888
611,101.91,fault_injection,False,False,1776030886.202382,1776030886.221663,19.281,31.26,218.889,220.886
612,101.9,fault_injection,False,False,1776030886.2225666,1776030886.2408438,18.277,31.28,218.889,220.883
613,101.9,fault_injection,False,False,1776030886.2427282,1776030886.2630908,20.363,31.3,218.888,220.881
614,101.89,fault_injection,False,False,1776030886.2629519,1776030886.284587,21.635,31.31,218.888,220.879
615,102.31,fault_injection,False,False,1776030886.2831805,1776030886.3032,20.02,31.34,218.888,220.877
616,102.31,fault_injection,True,False,1776030886.3033738,1776030886.3251865,21.813,31.35,218.888,220.875
617,102.32,fault_injection,False,False,1776030886.3235831,1776030886.341779,18.196,31.38,218.888,220.873
618,102.3,fault_injection,False,False,1776030886.3437688,1776030886.3619597,18.191,31.39,218.888,220.871
619,102.28,fault_injection,False,False,1776030886.3640885,1776030886.383684,19.595,31.41,218.888,220.869
620,102.31,fault_injection,False,False,1776030886.3842576,1776030886.4021976,17.94,31.43,218.888,220.867
621,102.35,fault_injection,False,False,1776030886.4043813,1776030886.4219592,17.578,31.45,218.88,220.865
622,102.43,fault_injection,True,False,1776030886.4244921,1776030886.4426239,18.132,31.47,218.872,220.863
623,102.47,fault_injection,False,False,1776030886.4445987,1776030886.4652398,20.641,31.48,218.864,220.86
624,102.46,fault_injection,False,False,1776030886.4647324,1776030886.4833734,18.641,31.51,218.857,220.858
625,102.45,fault_injection,False,False,1776030886.4848564,1776030886.5030377,18.181,31.52,218.849,220.856
626,102.41,fault_injection,False,False,1776030886.5049624,1776030886.5231242,18.162,31.54,218.841,220.854
627,102.43,fault_injection,True,False,1776030886.525078,1776030886.5429168,17.839,31.56,218.833,220.852
628,102.38,fault_injection,False,False,1776030886.5452104,1776030886.5625646,17.354,31.58,218.825,220.85
629,102.38,fault_injection,False,False,1776030886.5653281,1776030886.5889812,23.653,31.59,218.818,220.848
630,102.38,fault_injection,False,False,1776030886.5854676,1776030886.60516,19.692,31.61,218.81,220.846
631,102.37,fault_injection,False,False,1776030886.6055942,1776030886.6263797,20.786,31.63,218.802,220.844
632,102.57,fault_injection,True,False,1776030886.625707,1776030886.645261,19.554,31.65,218.794,220.842
633,102.57,fault_injection,False,False,1776030886.645807,1776030886.664331,18.524,31.67,218.787,220.839
634,102.57,fault_injection,False,False,1776030886.6659226,1776030886.6838195,17.897,31.69,218.779,220.837
635,102.37,fault_injection,True,False,1776030886.686038,1776030886.703409,17.371,31.71,218.771,220.835
636,102.31,fault_injection,False,False,1776030886.7061558,1776030886.7258768,19.721,31.72,218.763,220.833
637,102.29,fault_injection,False,False,1776030886.726284,1776030886.745752,19.468,31.74,218.756,220.831
638,102.3,fault_injection,False,True,1776030886.746398,1776030886.9658134,219.415,31.45,218.888,220.829
639,102.29,fault_injection,False,False,1776030886.9667764,1776030886.9839795,17.203,31.47,218.888,220.827
640,102.3,fault_injection,False,False,1776030886.9868772,1776030887.006057,19.18,31.48,218.888,220.825
641,102.27,fault_injection,False,False,1776030887.0069854,1776030887.0255117,18.526,31.5,218.88,220.823
642,102.74,fault_injection,False,False,1776030887.0270956,1776030887.0467715,19.676,31.52,218.872,220.821
643,102.71,fault_injection,False,False,1776030887.047193,1776030887.0651574,17.964,31.54,218.864,220.819
644,102.69,fault_injection,False,True,1776030887.0673006,1776030887.2868936,219.593,31.25,218.889,220.816
645,102.66,fault_injection,False,False,1776030887.2878995,1776030887.306705,18.806,31.27,218.889,220.814
646,102.66,fault_injection,False,False,1776030887.3082662,1776030887.3271163,18.85,31.28,218.889,220.812
647,102.78,fault_injection,True,False,1776030887.328644,1776030887.3474364,18.792,31.3,218.889,220.81
648,102.76,fault_injection,False,False,1776030887.349056,1776030887.3672845,18.229,31.32,218.889,220.808
649,102.76,fault_injection,False,False,1776030887.3692787,1776030887.387142,17.863,31.34,218.889,220.806
650,102.79,fault_injection,False,False,1776030887.3894596,1776030887.4099202,20.461,31.35,218.889,220.804
651,102.79,fault_injection,False,False,1776030887.4095898,1776030887.4289026,19.313,31.37,218.889,220.802
652,102.76,fault_injection,False,False,1776030887.429728,1776030887.4481978,18.47,31.39,218.889,220.8
653,102.76,fault_injection,False,False,1776030887.4498372,1776030887.4676929,17.856,31.41,218.888,220.798
654,102.66,fault_injection,True,False,1776030887.4699507,1776030887.488636,18.685,31.42,218.888,220.795
655,102.67,fault_injection,False,False,1776030887.4900525,1776030887.5110495,20.997,31.44,218.888,220.793
656,102.66,fault_injection,False,True,1776030887.5101576,1776030887.7385845,228.427,31.15,218.893,220.911
657,102.67,fault_injection,False,False,1776030887.7305334,1776030887.74985,19.317,31.18,218.892,220.911
658,102.67,fault_injection,False,False,1776030887.7506466,1776030887.7716026,20.956,31.19,218.891,220.911
659,102.69,fault_injection,False,False,1776030887.7707543,1776030887.789788,19.034,31.21,218.891,220.911
660,102.7,fault_injection,False,False,1776030887.790867,1776030887.809417,18.55,31.23,218.89,220.911
661,102.7,fault_injection,False,False,1776030887.8109791,1776030887.831282,20.303,31.25,218.89,220.911
662,102.72,fault_injection,False,False,1776030887.8311086,1776030887.8494816,18.373,31.27,218.89,220.911
663,102.73,fault_injection,False,True,1776030887.8512146,1776030888.072137,220.922,30.99,218.901,220.918
664,102.72,fault_injection,False,False,1776030888.0717237,1776030888.090988,19.264,31.01,218.901,220.917
665,102.71,fault_injection,False,False,1776030888.0918448,1776030888.110726,18.881,31.03,218.9,220.917
666,102.71,fault_injection,False,False,1776030888.111966,1776030888.1298401,17.874,31.05,218.899,220.917
667,102.76,fault_injection,True,False,1776030888.1320782,1776030888.149752,17.674,31.06,218.899,220.917
668,102.74,fault_injection,False,False,1776030888.1521933,1776030888.1696408,17.447,31.08,218.898,220.917
669,102.74,fault_injection,False,False,1776030888.1722975,1776030888.1917737,19.476,31.1,218.897,220.917
670,102.73,fault_injection,False,False,1776030888.1924515,1776030888.212423,19.972,31.11,218.897,220.917
671,102.79,fault_injection,True,False,1776030888.2126248,1776030888.2312357,18.611,31.13,218.896,220.917
672,102.67,fault_injection,True,False,1776030888.2330008,1776030888.2512662,18.265,31.15,218.895,220.917
673,102.7,fault_injection,False,False,1776030888.253372,1776030888.2733002,19.928,31.16,218.895,220.917
674,102.67,fault_injection,False,False,1776030888.2735786,1776030888.292337,18.758,31.18,218.894,220.917
675,102.67,fault_injection,False,True,1776030888.2939818,1776030888.514337,220.355,30.91,218.909,220.917
676,102.65,fault_injection,False,False,1776030888.5143924,1776030888.5347319,20.339,30.93,218.908,220.916
677,102.65,fault_injection,False,True,1776030888.5345447,1776030888.7527404,218.196,30.67,218.907,220.916
678,102.65,fault_injection,False,False,1776030888.7549794,1776030888.7758956,20.916,30.68,218.906,220.916
679,102.69,fault_injection,False,False,1776030888.7750902,1776030888.793463,18.373,30.7,218.904,220.916
680,102.68,fault_injection,False,False,1776030888.7951994,1776030888.8139827,18.783,30.72,218.903,220.916
681,102.68,fault_injection,False,False,1776030888.8153074,1776030888.8345888,19.281,30.74,218.903,220.916
682,102.69,fault_injection,False,False,1776030888.835413,1776030888.8534207,18.008,30.75,218.902,220.916
683,102.72,fault_injection,False,True,1776030888.8555207,1776030889.0755618,220.041,30.49,218.923,220.916
684,102.71,fault_injection,False,False,1776030889.0759966,1776030889.096322,20.325,30.51,218.921,220.916
685,102.55,fault_injection,True,False,1776030889.0961363,1776030889.1142325,18.096,30.53,218.92,220.916
686,102.53,fault_injection,False,False,1776030889.1162553,1776030889.134628,18.373,30.55,218.919,220.916
687,102.65,fault_injection,True,False,1776030889.1363668,1776030889.154536,18.169,30.57,218.918,220.916
688,102.81,fault_injection,True,False,1776030889.1564784,1776030889.1762815,19.803,30.58,218.917,220.916
689,102.78,fault_injection,False,False,1776030889.1766162,1776030889.1974773,20.861,30.6,218.916,220.915
690,102.79,fault_injection,False,False,1776030889.196821,1776030889.2156746,18.854,30.62,218.915,220.915
691,102.82,fault_injection,False,False,1776030889.2170439,1776030889.2349806,17.937,30.63,218.913,220.915
692,102.83,fault_injection,False,False,1776030889.2372189,1776030889.2578228,20.604,30.65,218.912,220.915
693,103.78,fault_injection,False,False,1776030889.2576737,1776030889.2783475,20.674,30.66,218.911,220.915
694,103.8,fault_injection,False,False,1776030889.2781982,1776030889.2962902,18.092,30.68,218.91,220.915
695,103.8,fault_injection,False,False,1776030889.2984014,1776030889.3296437,31.242,30.68,218.909,220.915
696,103.8,fault_injection,False,False,1776030889.3187792,1776030889.3381383,19.359,30.71,218.908,220.915
697,103.79,fault_injection,False,False,1776030889.3389142,1776030889.357452,18.538,30.73,218.907,220.915
698,103.8,fault_injection,False,False,1776030889.3591025,1776030889.378497,19.394,30.75,218.906,220.915
699,103.77,fault_injection,False,False,1776030889.3792474,1776030889.398581,19.334,30.76,218.904,220.915
700,103.76,fault_injection,False,False,1776030889.3993895,1776030889.4174464,18.057,30.78,218.903,220.915
701,103.56,fault_injection,True,False,1776030889.4195392,1776030889.436827,17.288,30.8,218.903,220.915
702,103.51,fault_injection,False,True,1776030889.4396806,1776030889.6612432,221.563,30.54,218.924,220.922
703,103.51,fault_injection,True,True,1776030889.6601303,1776030889.877793,217.663,30.3,218.923,220.922
704,103.38,fault_injection,True,True,1776030889.8807323,1776030890.1015153,220.783,30.06,219.123,220.922
705,103.38,fault_injection,False,False,1776030890.101162,1776030890.120447,19.285,30.07,219.111,220.922
706,103.4,fault_injection,False,False,1776030890.1213384,1776030890.1412256,19.887,30.09,219.099,220.922
707,103.57,fault_injection,True,False,1776030890.1415231,1776030890.1606193,19.096,30.11,219.086,220.922
708,103.57,fault_injection,False,False,1776030890.1617131,1776030890.1803622,18.649,30.13,219.074,220.922
709,103.56,fault_injection,False,False,1776030890.181921,1776030890.2011034,19.182,30.14,219.062,220.922
710,103.59,fault_injection,False,True,1776030890.2020805,1776030890.4203174,218.237,29.91,219.049,220.922
711,103.58,fault_injection,False,False,1776030890.4224663,1776030890.4411807,18.714,29.92,219.037,220.922
712,103.61,fault_injection,False,False,1776030890.4426026,1776030890.4604757,17.873,29.94,219.025,220.922
713,103.6,fault_injection,False,False,1776030890.462726,1776030890.4820914,19.365,29.95,219.012,220.921
714,103.62,fault_injection,False,False,1776030890.4828937,1776030890.5012138,18.32,29.97,219.0,220.921
715,103.62,fault_injection,False,False,1776030890.5030181,1776030890.5239506,20.932,29.98,218.988,220.921
716,103.6,fault_injection,False,False,1776030890.5231302,1776030890.5405674,17.437,30.01,218.975,220.921
717,103.59,fault_injection,False,True,1776030890.5432522,1776030890.7630732,219.821,29.77,219.179,220.921
718,103.59,fault_injection,False,False,1776030890.7636585,1776030890.7820122,18.354,29.79,219.177,220.921
719,103.59,fault_injection,False,False,1776030890.7837722,1776030890.804274,20.502,29.8,219.175,220.921
720,103.62,fault_injection,False,False,1776030890.8038743,1776030890.8223798,18.506,29.82,219.172,220.921
721,103.65,fault_injection,False,False,1776030890.823977,1776030890.8455052,21.528,29.83,219.16,220.921
722,103.65,fault_injection,False,False,1776030890.8440814,1776030890.864362,20.281,29.85,219.148,220.921
723,103.66,fault_injection,False,False,1776030890.8642046,1776030890.8817952,17.591,29.87,219.135,220.921
724,103.66,fault_injection,False,False,1776030890.8843484,1776030890.9020522,17.704,29.89,219.123,220.921
725,103.62,fault_injection,False,False,1776030890.9044545,1776030890.9226787,18.224,29.9,219.111,220.921
726,103.64,fault_injection,False,True,1776030890.92456,1776030891.1450942,220.534,29.67,219.202,220.92
727,103.64,fault_injection,False,False,1776030891.144996,1776030891.1642022,19.206,29.69,219.2,220.92
728,103.52,fault_injection,True,False,1776030891.1651654,1776030891.187276,22.11,29.7,219.198,220.92
729,103.5,fault_injection,False,False,1776030891.185355,1776030891.2043266,18.972,29.72,219.196,220.92
730,103.5,fault_injection,False,False,1776030891.2055237,1776030891.2250679,19.544,29.74,219.194,220.92
731,103.49,fault_injection,False,False,1776030891.2256935,1776030891.2463214,20.628,29.75,219.192,220.92
732,103.48,fault_injection,False,True,1776030891.246191,1776030891.4646764,218.485,29.53,219.189,220.92
733,103.47,fault_injection,False,False,1776030891.4666183,1776030891.486135,19.517,29.55,219.187,220.92
734,103.46,fault_injection,False,False,1776030891.4867365,1776030891.5118208,25.084,29.56,219.185,220.92
735,103.46,fault_injection,False,False,1776030891.5068445,1776030891.5241647,17.32,29.58,219.183,220.92
736,103.47,fault_injection,False,False,1776030891.5270073,1776030891.546182,19.175,29.6,219.181,220.92
737,103.5,fault_injection,False,False,1776030891.547143,1776030891.565484,18.341,29.61,219.179,220.92
738,103.5,fault_injection,False,False,1776030891.5672624,1776030891.58768,20.418,29.63,219.177,220.919
739,103.51,fault_injection,False,False,1776030891.5873713,1776030891.605208,17.837,29.65,219.175,220.919
740,103.49,fault_injection,False,False,1776030891.607489,1776030891.627542,20.053,29.66,219.172,220.919
741,104.0,fault_injection,False,False,1776030891.6276402,1776030891.6448016,17.161,29.68,219.16,220.919
742,103.99,fault_injection,False,False,1776030891.6477728,1776030891.6682332,20.46,29.69,219.148,220.919
743,103.98,fault_injection,False,False,1776030891.6679366,1776030891.691121,23.185,29.71,219.135,220.919
744,103.96,fault_injection,False,False,1776030891.6880732,1776030891.7081218,20.049,29.73,219.123,220.919
745,103.95,fault_injection,False,False,1776030891.7081933,1776030891.7263963,18.203,29.74,219.111,220.919
746,103.96,fault_injection,False,False,1776030891.7283187,1776030891.746232,17.913,29.76,219.099,220.919
747,104.95,fault_injection,False,False,1776030891.748446,1776030891.7690947,20.649,29.77,219.086,220.919
748,104.97,fault_injection,False,False,1776030891.7685585,1776030891.7882555,19.697,29.79,219.074,220.919
749,104.99,fault_injection,False,False,1776030891.788667,1776030891.8062873,17.62,29.81,219.062,220.919
750,104.96,fault_injection,False,False,1776030891.8087804,1776030891.827631,18.851,29.82,219.049,220.919
751,105.5,fault_injection,False,False,1776030891.828885,1776030891.847136,18.251,29.84,219.037,220.918
752,105.52,fault_injection,False,False,1776030891.8489912,1776030891.873773,24.782,29.85,219.025,220.918
753,105.5,fault_injection,False,False,1776030891.86914,1776030891.8857517,16.612,29.87,219.012,220.918
754,105.51,fault_injection,False,True,1776030891.8892848,1776030892.1086638,219.379,29.65,219.185,220.918
755,105.52,fault_injection,False,True,1776030892.1097229,1776030892.327997,218.274,29.44,219.183,220.918
756,105.55,fault_injection,False,True,1776030892.3305168,1776030892.5514996,220.983,29.22,219.225,220.949
757,105.52,fault_injection,False,False,1776030892.550937,1776030892.56934,18.403,29.24,219.223,220.948
758,105.53,fault_injection,False,False,1776030892.571058,1776030892.5902073,19.149,29.25,219.22,220.948
759,105.31,fault_injection,True,True,1776030892.5911806,1776030892.8104022,219.222,29.05,219.224,220.947
760,105.19,fault_injection,True,False,1776030892.8115816,1776030892.8292189,17.637,29.06,219.222,220.947
761,105.17,fault_injection,False,False,1776030892.8317122,1776030892.849238,17.526,29.08,219.221,220.946
762,105.19,fault_injection,False,False,1776030892.8522425,1776030892.871737,19.495,29.09,219.221,220.945
763,105.21,fault_injection,False,False,1776030892.872376,1776030892.8948276,22.452,29.11,219.221,220.945
764,105.21,fault_injection,False,False,1776030892.8924954,1776030892.91009,17.595,29.13,219.22,220.944
765,105.3,fault_injection,True,False,1776030892.9126186,1776030892.930226,17.607,29.14,219.22,220.944
766,105.32,fault_injection,False,True,1776030892.9327483,1776030893.151764,219.016,28.94,219.22,220.943
767,105.31,fault_injection,False,False,1776030893.1533864,1776030893.1728835,19.497,28.95,219.219,220.942
768,105.29,fault_injection,False,False,1776030893.1735163,1776030893.1911283,17.612,28.97,219.219,220.942
769,105.3,fault_injection,False,False,1776030893.1936514,1776030893.212994,19.343,28.98,219.219,220.941
770,105.32,fault_injection,False,False,1776030893.2140357,1776030893.233834,19.798,29.0,219.218,220.941
771,105.29,fault_injection,False,False,1776030893.2342246,1776030893.2527575,18.533,29.01,219.218,220.94
772,105.29,fault_injection,False,False,1776030893.2545779,1776030893.2730625,18.485,29.03,219.218,220.939
773,105.26,fault_injection,False,True,1776030893.2747693,1776030893.4945526,219.783,28.83,219.237,220.939
774,105.27,fault_injection,False,False,1776030893.4951766,1776030893.5140932,18.917,28.84,219.235,220.938
775,105.29,fault_injection,False,False,1776030893.5153017,1776030893.5332758,17.974,28.86,219.233,220.938
776,105.29,fault_injection,False,False,1776030893.535429,1776030893.5537324,18.303,28.88,219.23,220.937
777,105.29,fault_injection,False,False,1776030893.555552,1776030893.573955,18.403,28.89,219.228,220.936
778,105.31,fault_injection,False,False,1776030893.5756774,1776030893.5940304,18.353,28.91,219.226,220.936
779,105.34,fault_injection,False,False,1776030893.5958002,1776030893.6137557,17.956,28.92,219.224,220.935
780,105.37,fault_injection,False,True,1776030893.6159284,1776030893.8349338,219.005,28.72,219.222,220.935
781,105.35,fault_injection,False,True,1776030893.8363416,1776030894.0566356,220.294,28.53,219.263,220.934
782,105.36,fault_injection,False,False,1776030894.0567548,1776030894.0759072,19.152,28.54,219.261,220.933
783,105.38,fault_injection,False,False,1776030894.0769053,1776030894.0966198,19.715,28.56,219.259,220.933
784,105.41,fault_injection,False,False,1776030894.097058,1776030894.1162784,19.22,28.58,219.257,220.932
785,105.4,fault_injection,False,False,1776030894.1171632,1776030894.1384017,21.239,28.59,219.255,220.932
786,105.4,fault_injection,False,False,1776030894.1372766,1776030894.155722,18.445,28.61,219.252,220.931
787,105.37,fault_injection,False,False,1776030894.1573792,1776030894.1769822,19.603,28.62,219.25,220.93
788,105.36,fault_injection,False,False,1776030894.1775007,1776030894.1967294,19.229,28.64,219.248,220.93
789,105.38,fault_injection,False,False,1776030894.197651,1776030894.216416,18.765,28.65,219.246,220.929
790,105.44,fault_injection,False,False,1776030894.2177925,1776030894.2383657,20.573,28.67,219.244,220.929
791,105.41,fault_injection,False,True,1776030894.2381356,1776030894.4586616,220.526,28.48,219.266,220.928
792,105.39,fault_injection,False,False,1776030894.458528,1776030894.4782758,19.748,28.49,219.266,220.927
793,105.39,fault_injection,False,False,1776030894.4786274,1776030894.497481,18.854,28.51,219.266,220.927
794,105.4,fault_injection,False,False,1776030894.4987419,1776030894.5181174,19.376,28.52,219.266,220.926
795,105.38,fault_injection,False,False,1776030894.5188708,1776030894.5377696,18.899,28.54,219.266,220.925
796,105.41,fault_injection,False,False,1776030894.539018,1776030894.5584228,19.405,28.55,219.266,220.925
797,105.39,fault_injection,False,False,1776030894.5591433,1776030894.5777147,18.571,28.57,219.266,220.924
798,105.39,fault_injection,False,False,1776030894.57926,1776030894.5970857,17.826,28.58,219.266,220.924
799,105.37,fault_injection,False,False,1776030894.5993657,1776030894.6177692,18.404,28.6,219.266,220.923
800,105.39,fault_injection,False,True,1776030894.61949,1776030894.8396277,220.138,28.41,219.267,220.922
801,105.36,fault_injection,False,False,1776030894.8398879,1776030894.8584874,18.6,28.43,219.267,220.922
802,105.32,fault_injection,False,False,1776030894.86003,1776030894.879367,19.337,28.44,219.267,220.922
803,105.31,fault_injection,False,False,1776030894.8801517,1776030894.898086,17.934,28.46,219.267,220.922
804,105.32,fault_injection,False,False,1776030894.9002726,1776030894.9188874,18.615,28.47,219.266,220.922
805,105.32,fault_injection,False,False,1776030894.9203827,1776030894.9398265,19.444,28.49,219.266,220.922
806,105.31,fault_injection,False,False,1776030894.9404945,1776030894.9596796,19.185,28.5,219.266,220.922
807,105.3,fault_injection,False,False,1776030894.9605997,1776030894.9805982,19.999,28.52,219.266,220.922
808,105.31,fault_injection,False,False,1776030894.9807086,1776030894.9972954,16.587,28.53,219.266,220.922
809,105.3,fault_injection,False,False,1776030895.0008218,1776030895.020673,19.851,28.55,219.266,220.922
810,105.28,fault_injection,False,False,1776030895.0209372,1776030895.041365,20.428,28.56,219.266,220.922
811,105.29,fault_injection,False,False,1776030895.0410402,1776030895.05945,18.41,28.58,219.266,220.922
812,105.32,fault_injection,False,False,1776030895.0611436,1776030895.0800645,18.921,28.59,219.266,220.922
813,105.34,fault_injection,False,False,1776030895.0812526,1776030895.0997653,18.513,28.61,219.266,220.921
814,105.3,fault_injection,False,False,1776030895.1013596,1776030895.1191359,17.776,28.62,219.266,220.921
815,105.29,fault_injection,False,False,1776030895.12147,1776030895.1420007,20.531,28.63,219.266,220.921
816,105.3,fault_injection,False,False,1776030895.1415837,1776030895.160361,18.777,28.65,219.266,220.921
817,105.32,fault_injection,False,False,1776030895.16168,1776030895.181534,19.854,28.67,219.266,220.921
818,105.31,fault_injection,False,False,1776030895.181775,1776030895.1997917,18.017,28.68,219.266,220.921
819,105.31,fault_injection,False,False,1776030895.2020848,1776030895.220393,18.308,28.7,219.266,220.921
820,106.2,fault_injection,False,False,1776030895.2222602,1776030895.2414756,19.215,28.71,219.266,220.921
821,106.24,fault_injection,False,False,1776030895.2424114,1776030895.262665,20.254,28.72,219.263,220.921
822,106.24,fault_injection,False,True,1776030895.2625945,1776030895.4836931,221.099,28.54,219.267,220.97
823,106.25,fault_injection,False,True,1776030895.4830508,1776030895.698957,215.906,28.36,219.267,220.969
824,106.23,fault_injection,False,False,1776030895.7034435,1776030895.7223482,18.905,28.37,219.266,220.968
825,106.22,fault_injection,False,False,1776030895.723595,1776030895.7423859,18.791,28.39,219.266,220.968
826,106.22,fault_injection,False,False,1776030895.743729,1776030895.7623804,18.651,28.4,219.266,220.967
827,106.2,fault_injection,False,True,1776030895.76387,1776030895.985879,222.009,28.22,219.284,221.043
828,106.16,fault_injection,False,False,1776030895.984304,1776030896.003374,19.07,28.24,219.283,221.042
829,106.13,fault_injection,False,False,1776030896.0044966,1776030896.0219388,17.442,28.25,219.281,221.041
830,106.09,fault_injection,False,False,1776030896.0246763,1776030896.043396,18.72,28.27,219.28,221.04
831,106.52,fault_injection,False,False,1776030896.0448585,1776030896.0613241,16.466,28.28,219.279,221.04
832,106.5,fault_injection,False,False,1776030896.0650187,1776030896.0833585,18.34,28.3,219.277,221.039
833,106.51,fault_injection,False,False,1776030896.0851772,1776030896.103567,18.39,28.31,219.276,221.038
834,106.53,fault_injection,False,False,1776030896.105336,1776030896.1245594,19.223,28.32,219.275,221.037
835,106.54,fault_injection,False,False,1776030896.125481,1776030896.143767,18.286,28.34,219.273,221.036
836,106.53,fault_injection,False,False,1776030896.145637,1776030896.1641598,18.523,28.35,219.272,221.035
837,106.55,fault_injection,False,False,1776030896.165785,1776030896.1854904,19.705,28.37,219.271,221.035
838,106.08,fault_injection,True,False,1776030896.1859062,1776030896.2050552,19.149,28.38,219.269,221.034
839,106.05,fault_injection,False,False,1776030896.206065,1776030896.2260892,20.024,28.4,219.268,221.033
840,106.07,fault_injection,False,False,1776030896.2262318,1776030896.2459426,19.711,28.41,219.267,221.032
841,106.04,fault_injection,False,False,1776030896.2464,1776030896.264128,17.728,28.43,219.267,221.031
842,106.05,fault_injection,False,False,1776030896.266567,1776030896.2842305,17.663,28.44,219.267,221.03
843,106.07,fault_injection,False,False,1776030896.2867248,1776030896.3063066,19.582,28.45,219.267,221.03
844,106.09,fault_injection,False,False,1776030896.3069026,1776030896.3338888,26.986,28.46,219.266,221.029
845,106.07,fault_injection,False,False,1776030896.3270602,1776030896.347368,20.308,28.48,219.266,221.028
846,106.05,fault_injection,False,False,1776030896.3472092,1776030896.3675413,20.332,28.5,219.266,221.027
847,106.02,fault_injection,False,False,1776030896.367373,1776030896.3854668,18.094,28.51,219.266,221.026
848,106.06,fault_injection,False,False,1776030896.3875291,1776030896.4054043,17.875,28.53,219.266,221.026
849,106.02,fault_injection,False,False,1776030896.4076602,1776030896.425464,17.804,28.54,219.266,221.025
850,106.04,fault_injection,False,False,1776030896.4277837,1776030896.4459887,18.205,28.56,219.266,221.024
851,106.04,fault_injection,False,False,1776030896.4478738,1776030896.4674435,19.57,28.57,219.266,221.023
852,106.03,fault_injection,False,False,1776030896.4679956,1776030896.4874685,19.473,28.58,219.266,221.022
853,106.0,fault_injection,False,False,1776030896.4881067,1776030896.5075495,19.443,28.6,219.266,221.021
854,106.02,fault_injection,False,False,1776030896.5082133,1776030896.5266054,18.392,28.61,219.266,221.021
855,106.04,fault_injection,False,False,1776030896.528321,1776030896.5466297,18.309,28.63,219.266,221.02
856,106.12,fault_injection,True,False,1776030896.548436,1776030896.5670834,18.647,28.64,219.266,221.019
857,106.13,fault_injection,False,False,1776030896.5685475,1776030896.586259,17.711,28.66,219.266,221.018
858,106.12,fault_injection,False,False,1776030896.58868,1776030896.6068249,18.145,28.67,219.266,221.017
859,106.1,fault_injection,False,False,1776030896.6088064,1776030896.6264648,17.658,28.68,219.266,221.017
860,106.08,fault_injection,False,False,1776030896.6289432,1776030896.646256,17.313,28.7,219.266,221.016
861,106.1,fault_injection,False,True,1776030896.6490765,1776030896.869587,220.51,28.52,219.267,221.015
862,106.45,fault_injection,False,False,1776030896.869508,1776030896.8884664,18.958,28.54,219.267,221.014
863,106.21,fault_injection,True,False,1776030896.8896885,1776030896.9074209,17.732,28.55,219.267,221.013
864,106.23,fault_injection,False,False,1776030896.909828,1776030896.9286482,18.82,28.56,219.266,221.012
865,106.2,fault_injection,False,False,1776030896.929972,1776030896.9474673,17.495,28.58,219.266,221.012
866,106.21,fault_injection,False,False,1776030896.9501095,1776030896.9686513,18.542,28.59,219.266,221.011
867,106.23,fault_injection,False,False,1776030896.9702427,1776030896.991558,21.315,28.6,219.266,221.01
868,106.23,fault_injection,False,False,1776030896.990401,1776030897.008596,18.195,28.62,219.266,221.009
869,106.22,fault_injection,False,False,1776030897.0105314,1776030897.0294807,18.949,28.63,219.266,221.008
870,106.2,fault_injection,False,True,1776030897.030659,1776030897.2505772,219.918,28.46,219.28,221.007
871,106.18,fault_injection,False,False,1776030897.2510533,1776030897.2680862,17.033,28.48,219.279,221.007
872,106.15,fault_injection,False,False,1776030897.2711918,1776030897.2890766,17.885,28.49,219.277,221.006
873,106.17,fault_injection,False,False,1776030897.2913241,1776030897.3093815,18.057,28.5,219.276,221.005
874,106.13,fault_injection,False,False,1776030897.3114603,1776030897.329654,18.194,28.52,219.275,221.004
875,106.22,fault_injection,True,False,1776030897.3315964,1776030897.3499198,18.323,28.53,219.273,221.003
876,106.25,fault_injection,False,False,1776030897.3517396,1776030897.3695695,17.83,28.54,219.272,221.003
877,106.28,fault_injection,True,False,1776030897.3718877,1776030897.3905845,18.697,28.56,219.271,221.002
878,106.25,fault_injection,False,False,1776030897.3920522,1776030897.4105997,18.548,28.57,219.269,221.001
879,106.3,fault_injection,False,False,1776030897.4121773,1776030897.432627,20.45,28.58,219.268,221.0
880,106.32,fault_injection,False,False,1776030897.4322987,1776030897.4496534,17.355,28.6,219.267,220.999
881,106.36,fault_injection,False,False,1776030897.4524221,1776030897.4727938,20.372,28.61,219.267,220.998
882,106.36,fault_injection,False,False,1776030897.4725494,1776030897.4905202,17.971,28.63,219.267,220.998
883,106.38,fault_injection,False,False,1776030897.492684,1776030897.5114512,18.767,28.64,219.267,220.997
884,106.41,fault_injection,False,False,1776030897.5128179,1776030897.5307193,17.901,28.65,219.266,220.996
885,106.42,fault_injection,False,False,1776030897.5329638,1776030897.5513048,18.341,28.67,219.266,220.995
886,106.44,fault_injection,False,False,1776030897.5531266,1776030897.5791962,26.07,28.67,219.266,220.994
887,106.42,fault_injection,False,False,1776030897.5732868,1776030897.59345,20.163,28.69,219.266,220.993
888,106.83,fault_injection,False,False,1776030897.5934422,1776030897.613471,20.029,28.71,219.266,220.993
889,106.01,fault_injection,False,False,1776030897.6135826,1776030897.6333458,19.763,28.72,219.266,220.992
890,106.0,fault_injection,False,False,1776030897.6337204,1776030897.6519618,18.241,28.74,219.266,220.991
891,105.99,fault_injection,False,False,1776030897.6538446,1776030897.6754956,21.651,28.75,219.266,220.99
892,105.99,fault_injection,False,False,1776030897.6739876,1776030897.6927736,18.786,28.76,219.266,220.989
893,105.96,fault_injection,False,False,1776030897.6941185,1776030897.7121572,18.039,28.78,219.266,220.989
894,105.99,fault_injection,False,False,1776030897.7142656,1776030897.7351813,20.916,28.79,219.266,220.988
895,105.97,fault_injection,False,False,1776030897.7344203,1776030897.7544703,20.05,28.8,219.266,220.987
896,105.97,fault_injection,False,False,1776030897.754569,1776030897.7750385,20.469,28.81,219.266,220.986
897,105.98,fault_injection,False,False,1776030897.7747102,1776030897.7930412,18.331,28.83,219.266,220.985
898,105.94,fault_injection,True,False,1776030897.7948627,1776030897.8121188,17.256,28.84,219.266,220.984
899,105.94,fault_injection,False,False,1776030897.8150039,1776030897.833663,18.659,28.86,219.266,220.984
900,105.92,fault_injection,False,False,1776030897.8351316,1776030897.8535585,18.427,28.87,219.266,220.983
901,105.93,fault_injection,False,False,1776030897.8552792,1776030897.8744771,19.198,28.88,219.263,220.982
902,105.96,fault_injection,False,False,1776030897.8754144,1776030897.893365,17.951,28.9,219.261,220.982
903,105.96,fault_injection,False,False,1776030897.895554,1776030897.9181101,22.556,28.91,219.259,220.981
904,105.97,fault_injection,False,False,1776030897.9157043,1776030897.933385,17.681,28.92,219.257,220.98
905,105.97,fault_injection,False,False,1776030897.9358652,1776030897.9549756,19.11,28.94,219.255,220.98
906,106.19,fault_injection,True,False,1776030897.9560428,1776030897.9778328,21.79,28.95,219.252,220.979
907,106.17,fault_injection,False,False,1776030897.976188,1776030897.99458,18.392,28.96,219.25,220.979
908,106.17,fault_injection,False,False,1776030897.9963048,1776030898.0147312,18.426,28.98,219.248,220.978
909,106.16,fault_injection,False,False,1776030898.0164301,1776030898.034631,18.201,28.99,219.246,220.977
910,106.15,fault_injection,False,True,1776030898.036552,1776030898.2612948,224.743,28.81,219.266,221.057
911,106.12,fault_injection,False,False,1776030898.2573965,1776030898.2751172,17.721,28.83,219.266,221.056
912,106.15,fault_injection,True,False,1776030898.2776136,1776030898.2970033,19.39,28.85,219.266,221.055
913,106.13,fault_injection,False,False,1776030898.297797,1776030898.3186927,20.896,28.86,219.266,221.054
914,106.13,fault_injection,False,False,1776030898.318544,1776030898.337549,19.005,28.87,219.266,221.054
915,106.15,fault_injection,False,False,1776030898.3387077,1776030898.3567953,18.088,28.89,219.266,221.053
916,106.12,fault_injection,False,False,1776030898.3588948,1776030898.3769379,18.043,28.9,219.266,221.052
917,106.08,fault_injection,False,False,1776030898.3790262,1776030898.3970373,18.011,28.91,219.266,221.051
918,106.09,fault_injection,False,False,1776030898.3991532,1776030898.4177272,18.574,28.92,219.266,221.05
919,106.1,fault_injection,False,False,1776030898.419275,1776030898.4374259,18.151,28.94,219.266,221.049
920,106.21,fault_injection,True,False,1776030898.4393857,1776030898.4567578,17.372,28.95,219.266,221.049
921,106.11,fault_injection,True,False,1776030898.4594905,1776030898.47958,20.089,28.96,219.263,221.048
922,106.13,fault_injection,False,False,1776030898.4795964,1776030898.4970388,17.442,28.98,219.261,221.047
923,106.13,fault_injection,False,False,1776030898.4996998,1776030898.5179007,18.201,28.99,219.259,221.046
924,106.14,fault_injection,False,False,1776030898.5198073,1776030898.5375133,17.706,29.0,219.257,221.045
925,106.12,fault_injection,False,False,1776030898.539872,1776030898.5575337,17.662,29.02,219.255,221.044
926,106.1,fault_injection,False,False,1776030898.5599782,1776030898.5780768,18.099,29.03,219.252,221.044
927,106.13,fault_injection,False,False,1776030898.5800807,1776030898.6011052,21.024,29.04,219.25,221.043
928,106.14,fault_injection,False,False,1776030898.600184,1776030898.61959,19.406,29.05,219.248,221.042
929,106.1,fault_injection,False,False,1776030898.620294,1776030898.6385996,18.306,29.07,219.246,221.041
930,106.1,fault_injection,False,False,1776030898.6404207,1776030898.6579735,17.553,29.08,219.244,221.04
931,106.08,fault_injection,False,False,1776030898.66052,1776030898.6813016,20.782,29.09,219.241,221.04
932,106.09,fault_injection,False,False,1776030898.6806242,1776030898.6986656,18.041,29.11,219.239,221.039
933,106.07,fault_injection,False,False,1776030898.700722,1776030898.7190177,18.296,29.12,219.237,221.038
934,106.06,fault_injection,False,False,1776030898.7208402,1776030898.7408683,20.028,29.13,219.235,221.037
935,106.04,fault_injection,False,False,1776030898.7409663,1776030898.7597382,18.772,29.15,219.233,221.036
936,106.02,fault_injection,False,False,1776030898.7610872,1776030898.778194,17.107,29.16,219.23,221.035
937,106.02,fault_injection,False,False,1776030898.7812014,1776030898.8002803,19.079,29.17,219.228,221.035
938,106.03,fault_injection,False,False,1776030898.8013434,1776030898.821064,19.721,29.18,219.226,221.034
939,106.06,fault_injection,False,False,1776030898.82148,1776030898.8401237,18.644,29.2,219.224,221.033
940,106.04,fault_injection,False,False,1776030898.8416104,1776030898.8594513,17.841,29.21,219.222,221.032
941,106.03,fault_injection,False,False,1776030898.8617122,1776030898.8869455,25.233,29.22,219.221,221.031
942,106.99,fault_injection,True,False,1776030898.881865,1776030898.899066,17.201,29.24,219.221,221.03
943,106.97,fault_injection,True,False,1776030898.902008,1776030898.9214907,19.483,29.25,219.221,221.03
944,106.96,fault_injection,False,False,1776030898.9221451,1776030898.942732,20.587,29.26,219.22,221.029
945,106.93,fault_injection,False,False,1776030898.942269,1776030898.9609573,18.688,29.27,219.22,221.028
946,106.94,fault_injection,False,False,1776030898.9623797,1776030898.981024,18.644,29.29,219.22,221.027
947,106.95,fault_injection,False,False,1776030898.9824805,1776030899.0015051,19.025,29.3,219.219,221.026
948,106.93,fault_injection,False,False,1776030899.0025895,1776030899.0210066,18.417,29.31,219.219,221.026
949,106.96,fault_injection,False,False,1776030899.022693,1776030899.041052,18.359,29.32,219.219,221.025
950,106.95,fault_injection,False,False,1776030899.0428073,1776030899.0608332,18.026,29.34,219.218,221.024
951,106.93,fault_injection,False,False,1776030899.0629048,1776030899.0825791,19.674,29.35,219.218,221.023
952,106.89,fault_injection,False,False,1776030899.0830467,1776030899.1025612,19.515,29.36,219.218,221.022
953,106.89,fault_injection,False,False,1776030899.103159,1776030899.1236095,20.451,29.37,219.217,221.021
954,106.88,fault_injection,False,False,1776030899.1232686,1776030899.142495,19.226,29.39,219.217,221.021
955,106.87,fault_injection,True,False,1776030899.1433806,1776030899.1635487,20.168,29.4,219.217,221.02
956,106.62,fault_injection,True,False,1776030899.163527,1776030899.1821628,18.636,29.41,219.216,221.019
957,106.64,fault_injection,False,False,1776030899.183755,1776030899.2042801,20.525,29.42,219.216,221.018
958,106.67,fault_injection,False,False,1776030899.2039506,1776030899.222051,18.1,29.44,219.216,221.017
959,106.65,fault_injection,False,False,1776030899.2241797,1776030899.242895,18.715,29.45,219.215,221.017
960,106.65,fault_injection,False,False,1776030899.2443807,1776030899.2633243,18.944,29.46,219.215,221.016
961,106.63,fault_injection,False,False,1776030899.264757,1776030899.283366,18.609,29.47,219.213,221.015
962,106.62,fault_injection,False,False,1776030899.2849534,1776030899.3035083,18.555,29.49,219.211,221.014
963,106.58,fault_injection,False,False,1776030899.3053067,1776030899.3244421,19.135,29.5,219.209,221.013
964,106.53,fault_injection,False,False,1776030899.3254955,1776030899.3437262,18.231,29.51,219.206,221.012
965,106.51,fault_injection,False,False,1776030899.3456564,1776030899.3658104,20.154,29.52,219.204,221.012
966,106.51,fault_injection,False,False,1776030899.3658297,1776030899.3839931,18.163,29.54,219.202,221.011
967,106.49,fault_injection,False,False,1776030899.3860178,1776030899.4057004,19.683,29.55,219.2,221.01
968,106.51,fault_injection,True,False,1776030899.4061627,1776030899.4250932,18.93,29.56,219.198,221.009
969,106.52,fault_injection,False,False,1776030899.4262784,1776030899.4449787,18.7,29.57,219.196,221.008
970,106.52,fault_injection,False,False,1776030899.4463842,1776030899.4672103,20.826,29.58,219.194,221.007
971,106.52,fault_injection,False,False,1776030899.4664865,1776030899.4846988,18.212,29.6,219.192,221.007
972,106.52,fault_injection,False,False,1776030899.4865923,1776030899.5076928,21.101,29.61,219.189,221.006
973,106.51,fault_injection,False,False,1776030899.5066993,1776030899.5249422,18.243,29.62,219.187,221.005
974,106.51,fault_injection,False,False,1776030899.526809,1776030899.5461433,19.334,29.63,219.185,221.004
975,106.47,fault_injection,False,False,1776030899.5468805,1776030899.5649908,18.11,29.65,219.183,221.003
976,106.45,fault_injection,False,False,1776030899.567002,1776030899.591895,24.893,29.65,219.181,221.003
977,106.45,fault_injection,False,False,1776030899.5871887,1776030899.6043303,17.142,29.67,219.179,221.002
978,106.44,fault_injection,False,False,1776030899.6073048,1776030899.6250553,17.751,29.68,219.177,221.001
979,106.46,fault_injection,False,False,1776030899.6274166,1776030899.644818,17.401,29.7,219.175,221.0
980,106.45,fault_injection,False,False,1776030899.6475387,1776030899.6675582,20.02,29.71,219.172,220.999
981,106.46,fault_injection,False,False,1776030899.66766,1776030899.6852174,17.557,29.72,219.165,220.998
982,106.47,fault_injection,False,False,1776030899.6877823,1776030899.7080476,20.265,29.73,219.157,220.998
983,106.46,fault_injection,False,False,1776030899.7079012,1776030899.7252495,17.348,29.75,219.149,220.997
984,106.47,fault_injection,False,False,1776030899.7280283,1776030899.7460523,18.024,29.76,219.141,220.996
985,106.44,fault_injection,False,False,1776030899.7481356,1776030899.7676318,19.496,29.77,219.133,220.995
986,106.44,fault_injection,False,False,1776030899.7682457,1776030899.7870748,18.829,29.78,219.125,220.994
987,106.45,fault_injection,False,False,1776030899.788355,1776030899.8063924,18.037,29.79,219.118,220.993
988,106.45,fault_injection,False,True,1776030899.8084733,1776030900.0295467,221.073,29.62,219.198,221.066
989,106.46,fault_injection,False,False,1776030900.0288827,1776030900.0487087,19.826,29.64,219.196,221.066
990,106.46,fault_injection,False,False,1776030900.0490086,1776030900.0680025,18.994,29.65,219.194,221.066
991,106.46,fault_injection,False,False,1776030900.0691576,1776030900.0888243,19.667,29.66,219.192,221.066
992,106.49,fault_injection,False,False,1776030900.0892997,1776030900.118548,29.248,29.67,219.189,221.066
993,106.46,fault_injection,False,False,1776030900.1094067,1776030900.1277795,18.373,29.69,219.187,221.066
994,106.52,fault_injection,False,False,1776030900.129516,1776030900.147972,18.456,29.7,219.185,221.066
995,106.51,fault_injection,False,False,1776030900.149619,1776030900.1675532,17.934,29.71,219.183,221.065
996,106.55,fault_injection,False,False,1776030900.1699224,1776030900.1894855,19.563,29.72,219.181,221.065
997,106.78,fault_injection,False,False,1776030900.1901104,1776030900.2092676,19.157,29.73,219.179,221.065
998,107.37,fault_injection,False,True,1776030900.2104716,1776030900.431888,221.416,29.57,219.216,221.074
999,107.36,fault_injection,False,False,1776030900.4308643,1776030900.4491584,18.294,29.58,219.215,221.074
